DATE,TIME,OPEN,HIGH,LOW,CLOSE,TICKVOL,VOL,SPREAD
2022.05.19,0:00:00,1.23384,1.23648,1.23268,1.23507,10070,0,0
2022.05.19,4:00:00,1.23507,1.23949,1.23383,1.23856,15319,0,1
2022.05.19,8:00:00,1.23856,1.24074,1.23381,1.23899,27318,0,0
2022.05.19,12:00:00,1.23895,1.24378,1.23697,1.24265,28509,0,0
2022.05.19,16:00:00,1.24265,1.25249,1.24265,1.25007,41451,0,0
2022.05.19,20:00:00,1.25011,1.25125,1.24583,1.24583,23631,0,0
2022.05.20,0:00:00,1.24594,1.24777,1.24502,1.24641,10329,0,0
2022.05.20,4:00:00,1.24641,1.24692,1.24371,1.24533,22524,0,0
2022.05.20,8:00:00,1.24533,1.24966,1.24479,1.24847,25476,0,0
2022.05.20,12:00:00,1.24847,1.24909,1.24617,1.24763,18620,0,0
2022.05.20,16:00:00,1.24763,1.25002,1.24524,1.24727,28797,0,0
2022.05.20,20:00:00,1.24727,1.24968,1.24533,1.24907,19505,0,0
2022.05.23,0:00:00,1.24656,1.25293,1.24629,1.25255,8199,0,0
2022.05.23,4:00:00,1.25255,1.25535,1.25214,1.25463,17957,0,0
2022.05.23,8:00:00,1.25462,1.25757,1.25408,1.25718,24861,0,0
2022.05.23,12:00:00,1.25719,1.26009,1.25632,1.25683,21554,0,0
2022.05.23,16:00:00,1.25678,1.25936,1.25562,1.25682,24277,0,0
2022.05.23,20:00:00,1.25682,1.25881,1.25585,1.25783,11491,0,0
2022.05.24,0:00:00,1.25784,1.2587,1.25567,1.25586,7423,0,0
2022.05.24,4:00:00,1.25586,1.25688,1.25473,1.25607,13280,0,0
2022.05.24,8:00:00,1.25607,1.2599,1.24748,1.24867,24885,0,0
2022.05.24,12:00:00,1.24867,1.25224,1.24712,1.24909,20968,0,0
2022.05.24,16:00:00,1.24909,1.25546,1.24827,1.25344,33867,0,0
2022.05.24,20:00:00,1.25342,1.25437,1.25101,1.2529,17129,0,0
2022.05.25,0:00:00,1.25283,1.25481,1.25211,1.25268,9602,0,3
2022.05.25,4:00:00,1.2527,1.25426,1.2514,1.25378,20305,0,0
2022.05.25,8:00:00,1.25379,1.256,1.252,1.25227,24944,0,0
2022.05.25,12:00:00,1.25226,1.25235,1.24811,1.2501,23808,0,0
2022.05.25,16:00:00,1.2501,1.25583,1.24932,1.25312,26908,0,0
2022.05.25,20:00:00,1.25315,1.25906,1.25244,1.25722,22108,0,0
2022.05.26,0:00:00,1.25721,1.26125,1.25594,1.26055,7688,0,0
2022.05.26,4:00:00,1.26055,1.26089,1.25643,1.25685,23248,0,0
2022.05.26,8:00:00,1.25685,1.25975,1.25515,1.25648,23045,0,0
2022.05.26,12:00:00,1.25648,1.2621,1.25579,1.25655,24871,0,0
2022.05.26,16:00:00,1.25655,1.25876,1.25533,1.25767,23222,0,0
2022.05.26,20:00:00,1.25767,1.26083,1.2568,1.26022,10278,0,0
2022.05.27,0:00:00,1.26022,1.26256,1.25702,1.26223,8172,0,0
2022.05.27,4:00:00,1.26223,1.26669,1.2615,1.2651,21924,0,0
2022.05.27,8:00:00,1.2651,1.26523,1.26077,1.26187,20736,0,0
2022.05.27,12:00:00,1.26186,1.26439,1.25861,1.2625,20102,0,0
2022.05.27,16:00:00,1.2625,1.26541,1.25968,1.26067,21030,0,0
2022.05.27,20:00:00,1.26065,1.26316,1.26028,1.26289,6860,0,0
2022.05.30,0:00:00,1.26081,1.26344,1.26081,1.26282,6712,0,0
2022.05.30,4:00:00,1.26282,1.26574,1.26213,1.26463,19149,0,0
2022.05.30,8:00:00,1.26464,1.26513,1.26163,1.26297,21009,0,0
2022.05.30,12:00:00,1.26297,1.26552,1.26248,1.26323,16333,0,0
2022.05.30,16:00:00,1.26323,1.26596,1.26312,1.26543,14747,0,0
2022.05.30,20:00:00,1.26543,1.26589,1.26482,1.26502,6420,0,0
2022.05.31,0:00:00,1.26472,1.26531,1.26102,1.26117,14273,0,0
2022.05.31,4:00:00,1.26117,1.26294,1.25982,1.26123,19521,0,0
2022.05.31,8:00:00,1.26123,1.26315,1.25913,1.26126,20285,0,0
2022.05.31,12:00:00,1.26128,1.26188,1.25603,1.25622,22393,0,0
2022.05.31,16:00:00,1.25621,1.26302,1.25621,1.26199,30493,0,0
2022.05.31,20:00:00,1.26199,1.26239,1.25987,1.26012,11184,0,0
2022.06.01,0:00:00,1.25976,1.26163,1.25928,1.26092,4407,0,1
2022.06.01,4:00:00,1.26088,1.26091,1.2575,1.25821,10728,0,0
2022.06.01,8:00:00,1.25821,1.26118,1.25749,1.25786,18343,0,0
2022.06.01,12:00:00,1.25787,1.26047,1.25597,1.25876,16275,0,0
2022.06.01,16:00:00,1.25877,1.25947,1.24586,1.247,30963,0,0
2022.06.01,20:00:00,1.247,1.25022,1.24693,1.2485,14004,0,0
2022.06.02,0:00:00,1.24835,1.24917,1.24741,1.24855,7275,0,0
2022.06.02,4:00:00,1.24852,1.24878,1.24704,1.24855,9360,0,0
2022.06.02,8:00:00,1.24855,1.25448,1.24688,1.25375,12770,0,0
2022.06.02,12:00:00,1.25371,1.25714,1.25354,1.25547,15507,0,0
2022.06.02,16:00:00,1.25548,1.25819,1.25247,1.25815,23269,0,0
2022.06.02,20:00:00,1.25815,1.25865,1.25643,1.25762,9733,0,0
2022.06.03,0:00:00,1.25724,1.25894,1.25663,1.25781,4209,0,2
2022.06.03,4:00:00,1.25783,1.25848,1.25687,1.25702,9293,0,0
2022.06.03,8:00:00,1.25702,1.25838,1.25591,1.25748,10933,0,0
2022.06.03,12:00:00,1.25747,1.25769,1.25207,1.2535,15822,0,0
2022.06.03,16:00:00,1.2535,1.25735,1.24918,1.25152,21934,0,0
2022.06.03,20:00:00,1.25152,1.25159,1.24848,1.24854,8361,0,0
2022.06.06,0:00:00,1.24869,1.25015,1.248,1.24812,1750,0,3
2022.06.06,4:00:00,1.2481,1.25008,1.24755,1.24993,4819,0,0
2022.06.06,8:00:00,1.24993,1.25772,1.24905,1.25728,16800,0,0
2022.06.06,12:00:00,1.25728,1.25732,1.2541,1.2556,12724,0,0
2022.06.06,16:00:00,1.2556,1.25608,1.25252,1.25396,20700,0,0
2022.06.06,20:00:00,1.25396,1.2548,1.25253,1.25294,9611,0,0
2022.06.07,0:00:00,1.25307,1.25309,1.25126,1.25159,8137,0,0
2022.06.07,4:00:00,1.25159,1.25223,1.24881,1.24911,14788,0,0
2022.06.07,8:00:00,1.24912,1.25338,1.24301,1.24939,25045,0,0
2022.06.07,12:00:00,1.24939,1.25192,1.24859,1.2487,19212,0,0
2022.06.07,16:00:00,1.24869,1.25994,1.2482,1.25929,22719,0,0
2022.06.07,20:00:00,1.2593,1.25996,1.25718,1.25902,8775,0,0
2022.06.08,0:00:00,1.25877,1.25974,1.25737,1.25742,6083,0,0
2022.06.08,4:00:00,1.25742,1.2587,1.25566,1.25572,14481,0,0
2022.06.08,8:00:00,1.2557,1.25833,1.25186,1.25221,16807,0,0
2022.06.08,12:00:00,1.25221,1.25597,1.25132,1.25366,20645,0,0
2022.06.08,16:00:00,1.25366,1.25641,1.25315,1.25473,21793,0,0
2022.06.08,20:00:00,1.25474,1.25484,1.25328,1.25336,10555,0,0
2022.06.09,0:00:00,1.25311,1.25457,1.25281,1.25337,10395,0,1
2022.06.09,4:00:00,1.25337,1.25485,1.25196,1.25286,10361,0,0
2022.06.09,8:00:00,1.25286,1.25327,1.24919,1.25256,15963,0,0
2022.06.09,12:00:00,1.25258,1.25486,1.2513,1.25318,29379,0,0
2022.06.09,16:00:00,1.25318,1.25586,1.25074,1.2515,33004,0,0
2022.06.09,20:00:00,1.2515,1.25227,1.24872,1.24912,12449,0,0
2022.06.10,0:00:00,1.24879,1.25139,1.24819,1.24989,6119,0,1
2022.06.10,4:00:00,1.24989,1.2501,1.24785,1.2496,9408,0,0
2022.06.10,8:00:00,1.2496,1.25178,1.24692,1.24824,20857,0,0
2022.06.10,12:00:00,1.24824,1.24844,1.23826,1.23833,27441,0,0
2022.06.10,16:00:00,1.23833,1.24144,1.23098,1.23112,34072,0,0
2022.06.10,20:00:00,1.23113,1.2323,1.23012,1.23103,15203,0,0
2022.06.13,0:00:00,1.23144,1.23195,1.22704,1.22755,10567,0,1
2022.06.13,4:00:00,1.22754,1.22922,1.22617,1.2286,19460,0,0
2022.06.13,8:00:00,1.2286,1.23003,1.22126,1.22195,29145,0,0
2022.06.13,12:00:00,1.22194,1.22228,1.21616,1.21952,31219,0,0
2022.06.13,16:00:00,1.21951,1.22006,1.21236,1.21735,36280,0,0
2022.06.13,20:00:00,1.21735,1.21868,1.21063,1.21328,29144,0,0
2022.06.14,0:00:00,1.21282,1.21609,1.21206,1.2155,11617,0,0
2022.06.14,4:00:00,1.21549,1.21957,1.21336,1.21762,23748,0,0
2022.06.14,8:00:00,1.21762,1.22079,1.21494,1.21523,30211,0,0
2022.06.14,12:00:00,1.21519,1.21591,1.20623,1.20769,35080,0,0
2022.06.14,16:00:00,1.20769,1.20839,1.19891,1.19946,45290,0,0
2022.06.14,20:00:00,1.19946,1.20313,1.19335,1.1996,24369,0,0
2022.06.15,0:00:00,1.1995,1.20182,1.19873,1.20182,11572,0,1
2022.06.15,4:00:00,1.20182,1.20414,1.19986,1.20017,18573,0,0
2022.06.15,8:00:00,1.20017,1.20896,1.19891,1.20885,36028,0,0
2022.06.15,12:00:00,1.20885,1.21252,1.20585,1.2064,37157,0,0
2022.06.15,16:00:00,1.20641,1.20975,1.20462,1.20645,33944,0,0
2022.06.15,20:00:00,1.20645,1.22047,1.20276,1.21785,53771,0,0
2022.06.16,0:00:00,1.21783,1.21888,1.21578,1.21774,9468,0,3
2022.06.16,4:00:00,1.21774,1.21861,1.21411,1.21464,16158,0,0
2022.06.16,8:00:00,1.21464,1.21546,1.2058,1.21282,33645,0,0
2022.06.16,12:00:00,1.21284,1.2247,1.20411,1.2221,47866,0,0
2022.06.16,16:00:00,1.22208,1.24061,1.22208,1.23802,44775,0,0
2022.06.16,20:00:00,1.23804,1.23981,1.23446,1.23491,29434,0,0
2022.06.17,0:00:00,1.2347,1.23666,1.23189,1.23244,14349,0,1
2022.06.17,4:00:00,1.23244,1.23311,1.22853,1.23051,22097,0,0
2022.06.17,8:00:00,1.23052,1.23429,1.22522,1.23161,31276,0,0
2022.06.17,12:00:00,1.2316,1.23351,1.22523,1.22672,29450,0,0
2022.06.17,16:00:00,1.22672,1.22682,1.21723,1.21887,40257,0,0
2022.06.17,20:00:00,1.21883,1.22318,1.21868,1.22173,17920,0,0
2022.06.20,0:00:00,1.22096,1.22311,1.22054,1.22232,11425,0,0
2022.06.20,4:00:00,1.22232,1.22537,1.21985,1.22357,16778,0,0
2022.06.20,8:00:00,1.22356,1.2253,1.2218,1.22461,24709,0,0
2022.06.20,12:00:00,1.22468,1.22803,1.22335,1.22628,20022,0,0
2022.06.20,16:00:00,1.22627,1.22627,1.22258,1.22544,19058,0,0
2022.06.20,20:00:00,1.22543,1.22598,1.22311,1.22508,4802,0,0
2022.06.21,0:00:00,1.2248,1.22713,1.22344,1.227,9389,0,0
2022.06.21,4:00:00,1.227,1.22836,1.22619,1.22648,11576,0,0
2022.06.21,8:00:00,1.22648,1.23241,1.22448,1.23094,21587,0,0
2022.06.21,12:00:00,1.23093,1.23182,1.22512,1.22667,23570,0,0
2022.06.21,16:00:00,1.22669,1.22947,1.22487,1.22718,27847,0,0
2022.06.21,20:00:00,1.22718,1.22821,1.22615,1.22788,11968,0,0
2022.06.22,0:00:00,1.22776,1.228,1.22428,1.22453,9758,0,3
2022.06.22,4:00:00,1.22453,1.22595,1.22284,1.22331,17907,0,0
2022.06.22,8:00:00,1.22331,1.22431,1.21612,1.22178,25524,0,0
2022.06.22,12:00:00,1.22178,1.22724,1.22144,1.22535,26574,0,0
2022.06.22,16:00:00,1.22537,1.23147,1.22477,1.22658,36475,0,0
2022.06.22,20:00:00,1.22657,1.22876,1.22567,1.22619,13890,0,0
2022.06.23,0:00:00,1.22582,1.22662,1.22416,1.22605,7430,0,0
2022.06.23,4:00:00,1.22605,1.22645,1.22306,1.22548,19277,0,0
2022.06.23,8:00:00,1.22547,1.22634,1.21697,1.21996,28242,0,0
2022.06.23,12:00:00,1.21996,1.22586,1.21941,1.22442,26123,0,0
2022.06.23,16:00:00,1.22442,1.22948,1.2221,1.22286,41005,0,0
2022.06.23,20:00:00,1.22287,1.22726,1.22199,1.22612,15131,0,0
2022.06.24,0:00:00,1.22595,1.22707,1.22401,1.22497,11495,0,3
2022.06.24,4:00:00,1.22497,1.2285,1.22454,1.22797,10819,0,0
2022.06.24,8:00:00,1.2279,1.22845,1.22432,1.22755,19518,0,0
2022.06.24,12:00:00,1.22755,1.23095,1.22619,1.22834,22888,0,0
2022.06.24,16:00:00,1.22834,1.23212,1.22646,1.22688,36723,0,0
2022.06.24,20:00:00,1.22686,1.22872,1.22502,1.22714,9544,0,0
2022.06.27,0:00:00,1.22494,1.2296,1.22494,1.22698,6444,0,3
2022.06.27,4:00:00,1.227,1.22902,1.22659,1.22842,15097,0,0
2022.06.27,8:00:00,1.22841,1.23324,1.22642,1.23174,19635,0,0
2022.06.27,12:00:00,1.23174,1.23193,1.22379,1.22554,19857,0,0
2022.06.27,16:00:00,1.22555,1.23134,1.22552,1.22911,30680,0,0
2022.06.27,20:00:00,1.22911,1.22919,1.22618,1.22652,17483,0,0
2022.06.28,0:00:00,1.22643,1.228,1.22604,1.22717,7174,0,0
2022.06.28,4:00:00,1.22716,1.22836,1.22608,1.22671,17975,0,0
2022.06.28,8:00:00,1.22674,1.22914,1.22514,1.2284,23529,0,0
2022.06.28,12:00:00,1.2284,1.22846,1.22106,1.22132,23099,0,0
2022.06.28,16:00:00,1.22132,1.22259,1.21852,1.21937,35171,0,0
2022.06.28,20:00:00,1.21939,1.22,1.21808,1.21817,19096,0,0
2022.06.29,0:00:00,1.2181,1.22028,1.21752,1.21915,17357,0,0
2022.06.29,4:00:00,1.21915,1.22126,1.21885,1.21968,17978,0,0
2022.06.29,8:00:00,1.21971,1.22118,1.21654,1.21746,26095,0,0
2022.06.29,12:00:00,1.21746,1.21899,1.21417,1.21532,29241,0,0
2022.06.29,16:00:00,1.21532,1.21765,1.21058,1.21219,39753,0,0
2022.06.29,20:00:00,1.21219,1.2138,1.21134,1.21205,14347,0,0
2022.06.30,0:00:00,1.21197,1.21324,1.21055,1.21261,12067,0,2
2022.06.30,4:00:00,1.21262,1.21415,1.2107,1.21311,12094,0,0
2022.06.30,8:00:00,1.21312,1.21658,1.21247,1.21426,26702,0,0
2022.06.30,12:00:00,1.21425,1.21426,1.20919,1.21227,24519,0,0
2022.06.30,16:00:00,1.21222,1.21881,1.21214,1.21774,37800,0,0
2022.06.30,20:00:00,1.21774,1.21884,1.21639,1.21778,17542,0,0
2022.07.01,0:00:00,1.21725,1.21774,1.21488,1.21536,7434,0,0
2022.07.01,4:00:00,1.21536,1.21571,1.2111,1.21191,18912,0,0
2022.07.01,8:00:00,1.21191,1.21387,1.20931,1.21013,26531,0,0
2022.07.01,12:00:00,1.21012,1.21174,1.2004,1.20072,28302,0,0
2022.07.01,16:00:00,1.20072,1.20635,1.19758,1.20456,39710,0,0
2022.07.01,20:00:00,1.20453,1.2107,1.20367,1.20932,12715,0,0
2022.07.04,0:00:00,1.2097,1.21208,1.20947,1.21056,9775,0,0
2022.07.04,4:00:00,1.21056,1.21086,1.20839,1.20927,18781,0,0
2022.07.04,8:00:00,1.20927,1.21269,1.20909,1.21222,17538,0,0
2022.07.04,12:00:00,1.21222,1.21652,1.21079,1.21533,19169,0,0
2022.07.04,16:00:00,1.21533,1.2161,1.20958,1.21113,17440,0,0
2022.07.04,20:00:00,1.21109,1.2113,1.20966,1.2104,4922,0,1
2022.07.05,0:00:00,1.21064,1.2118,1.20963,1.21103,12049,0,0
2022.07.05,4:00:00,1.21104,1.21221,1.20976,1.21127,12461,0,0
2022.07.05,8:00:00,1.21123,1.21254,1.20427,1.20439,26182,0,0
2022.07.05,12:00:00,1.20439,1.20568,1.19597,1.19695,33249,0,0
2022.07.05,16:00:00,1.19696,1.19725,1.18986,1.19241,36365,0,0
2022.07.05,20:00:00,1.19242,1.19594,1.1917,1.19561,16130,0,0
2022.07.06,0:00:00,1.19541,1.19648,1.19248,1.19643,8809,0,0
2022.07.06,4:00:00,1.19643,1.19719,1.19266,1.1935,18873,0,0
2022.07.06,8:00:00,1.1935,1.19896,1.19109,1.196,27232,0,0
2022.07.06,12:00:00,1.19601,1.19634,1.18757,1.18973,34668,0,0
2022.07.06,16:00:00,1.18971,1.19407,1.18859,1.19096,46031,0,0
2022.07.06,20:00:00,1.19096,1.19449,1.1908,1.19226,23909,0,0
2022.07.07,0:00:00,1.19192,1.19298,1.19082,1.19251,10638,0,0
2022.07.07,4:00:00,1.19254,1.19531,1.19146,1.19475,12331,0,0
2022.07.07,8:00:00,1.19477,1.19943,1.19334,1.19693,25663,0,0
2022.07.07,12:00:00,1.19694,1.20237,1.19551,1.1964,31779,0,0
2022.07.07,16:00:00,1.19639,1.20142,1.19481,1.20081,32475,0,0
2022.07.07,20:00:00,1.20087,1.20297,1.19964,1.20208,11577,0,0
2022.07.08,0:00:00,1.20194,1.20515,1.20106,1.20495,8184,0,1
2022.07.08,4:00:00,1.20495,1.20561,1.19962,1.20142,18497,0,0
2022.07.08,8:00:00,1.20143,1.20144,1.19192,1.19349,27730,0,0
2022.07.08,12:00:00,1.19349,1.20299,1.19278,1.19867,33166,0,0
2022.07.08,16:00:00,1.19868,1.20485,1.19716,1.20192,33957,0,0
2022.07.08,20:00:00,1.20192,1.20351,1.20119,1.20333,11855,0,0
2022.07.11,0:00:00,1.19989,1.20363,1.19989,1.20081,9892,0,2
2022.07.11,4:00:00,1.20083,1.20091,1.19765,1.19877,10676,0,0
2022.07.11,8:00:00,1.19877,1.19894,1.19534,1.19665,19801,0,0
2022.07.11,12:00:00,1.19664,1.19774,1.19074,1.19231,25126,0,0
2022.07.11,16:00:00,1.19231,1.19232,1.18665,1.18831,36474,0,0
2022.07.11,20:00:00,1.18828,1.19096,1.18803,1.18912,15161,0,0
2022.07.12,0:00:00,1.18906,1.19099,1.18838,1.18922,11474,0,0
2022.07.12,4:00:00,1.18923,1.18934,1.18596,1.18642,22135,0,0
2022.07.12,8:00:00,1.18644,1.18737,1.18075,1.183,33164,0,0
2022.07.12,12:00:00,1.18299,1.18823,1.18128,1.18591,31178,0,0
2022.07.12,16:00:00,1.18587,1.1916,1.18587,1.19105,33549,0,0
2022.07.12,20:00:00,1.19104,1.19131,1.18818,1.18861,12724,0,0
2022.07.13,0:00:00,1.18832,1.18903,1.1874,1.18789,9296,0,2
2022.07.13,4:00:00,1.18789,1.1919,1.18698,1.19012,16303,0,0
2022.07.13,8:00:00,1.19012,1.19364,1.18764,1.18905,29643,0,0
2022.07.13,12:00:00,1.18904,1.19471,1.18272,1.18556,33125,0,0
2022.07.13,16:00:00,1.18557,1.19675,1.18431,1.19213,44323,0,0
2022.07.13,20:00:00,1.19214,1.19327,1.18864,1.18892,16792,0,0
2022.07.14,0:00:00,1.18863,1.18919,1.18499,1.18573,11888,0,0
2022.07.14,4:00:00,1.18574,1.18836,1.1846,1.18604,17996,0,0
2022.07.14,8:00:00,1.18604,1.18752,1.18235,1.18422,26859,0,0
2022.07.14,12:00:00,1.18422,1.1877,1.18109,1.18114,34939,0,0
2022.07.14,16:00:00,1.18118,1.18424,1.176,1.17794,51201,0,0
2022.07.14,20:00:00,1.17795,1.18382,1.17775,1.18239,22197,0,0
2022.07.15,0:00:00,1.1821,1.18414,1.18174,1.18266,8613,0,0
2022.07.15,4:00:00,1.18266,1.18517,1.18254,1.1831,19191,0,0
2022.07.15,8:00:00,1.1831,1.18453,1.18042,1.18274,26396,0,0
2022.07.15,12:00:00,1.18273,1.18532,1.1807,1.1847,32288,0,0
2022.07.15,16:00:00,1.18472,1.18747,1.18138,1.18553,37890,0,0
2022.07.15,20:00:00,1.18555,1.18702,1.18492,1.18632,9309,0,0
2022.07.18,0:00:00,1.18656,1.18904,1.18612,1.18827,8509,0,2
2022.07.18,4:00:00,1.18828,1.19064,1.18811,1.1886,12581,0,0
2022.07.18,8:00:00,1.1886,1.19658,1.18782,1.1946,24664,0,0
2022.07.18,12:00:00,1.19459,1.19917,1.19418,1.19793,27765,0,0
2022.07.18,16:00:00,1.19793,1.20334,1.19697,1.19765,28264,0,0
2022.07.18,20:00:00,1.19765,1.19804,1.1946,1.19513,16187,0,0
2022.07.19,0:00:00,1.19489,1.19582,1.19329,1.19347,10674,0,0
2022.07.19,4:00:00,1.19346,1.19566,1.19243,1.19456,12615,0,0
2022.07.19,8:00:00,1.19457,1.20243,1.19435,1.20212,29309,0,0
2022.07.19,12:00:00,1.20212,1.204,1.19999,1.20116,30173,0,0
2022.07.19,16:00:00,1.2011,1.20456,1.20048,1.20076,31491,0,0
2022.07.19,20:00:00,1.20078,1.20105,1.19856,1.19929,13226,0,0
2022.07.20,0:00:00,1.19931,1.2018,1.19877,1.20154,11845,0,3
2022.07.20,4:00:00,1.20155,1.2037,1.20092,1.20293,14192,0,0
2022.07.20,8:00:00,1.20293,1.20349,1.19886,1.20046,24551,0,0
2022.07.20,12:00:00,1.20047,1.20325,1.19553,1.19836,32217,0,0
2022.07.20,16:00:00,1.19831,1.20065,1.196,1.19719,33873,0,0
2022.07.20,20:00:00,1.19716,1.19807,1.19534,1.19743,18441,0,0
2022.07.21,0:00:00,1.19706,1.19808,1.19626,1.19666,8385,0,0
2022.07.21,4:00:00,1.19666,1.20002,1.19626,1.19984,17631,0,0
2022.07.21,8:00:00,1.19984,1.20037,1.19205,1.19392,27312,0,0
2022.07.21,12:00:00,1.19392,1.1993,1.19133,1.19851,37395,0,0
2022.07.21,16:00:00,1.19844,1.19919,1.18897,1.19512,49100,0,0
2022.07.21,20:00:00,1.19513,1.20041,1.19508,1.19938,18208,0,0
2022.07.22,0:00:00,1.19902,1.20027,1.1957,1.19863,12767,0,2
2022.07.22,4:00:00,1.19863,1.19904,1.19555,1.19563,21002,0,0
2022.07.22,8:00:00,1.19563,1.19895,1.1916,1.19555,30536,0,0
2022.07.22,12:00:00,1.19555,1.19763,1.19268,1.19587,34802,0,0
2022.07.22,16:00:00,1.19586,1.20638,1.1952,1.20221,40270,0,0
2022.07.22,20:00:00,1.20222,1.20245,1.19707,1.20048,18178,0,0
2022.07.25,0:00:00,1.19799,1.2009,1.196,1.19626,5983,0,3
2022.07.25,4:00:00,1.19626,1.19957,1.19611,1.19823,16302,0,0
2022.07.25,8:00:00,1.19823,1.20297,1.19628,1.20275,25639,0,0
2022.07.25,12:00:00,1.20274,1.20826,1.20224,1.20703,29268,0,0
2022.07.25,16:00:00,1.20704,1.20869,1.20249,1.20511,30317,0,0
2022.07.25,20:00:00,1.20511,1.20596,1.20427,1.20428,11823,0,0
2022.07.26,0:00:00,1.20398,1.2063,1.20323,1.20596,11282,0,0
2022.07.26,4:00:00,1.20591,1.209,1.20575,1.20627,9536,0,0
2022.07.26,8:00:00,1.20628,1.20707,1.20305,1.20339,22377,0,0
2022.07.26,12:00:00,1.20339,1.20348,1.19637,1.20028,29057,0,0
2022.07.26,16:00:00,1.20027,1.2054,1.19892,1.2025,31603,0,0
2022.07.26,20:00:00,1.2025,1.20418,1.20205,1.20284,13916,0,0
2022.07.27,0:00:00,1.20256,1.20531,1.20113,1.2044,10607,0,0
2022.07.27,4:00:00,1.20439,1.20594,1.20367,1.2059,13725,0,0
2022.07.27,8:00:00,1.2059,1.20743,1.2036,1.20599,25187,0,0
2022.07.27,12:00:00,1.20598,1.20877,1.20428,1.20471,24576,0,0
2022.07.27,16:00:00,1.20473,1.20586,1.20206,1.20386,27339,0,0
2022.07.27,20:00:00,1.20385,1.21863,1.20292,1.21558,36660,0,0
2022.07.28,0:00:00,1.21529,1.217,1.21417,1.21481,9148,0,3
2022.07.28,4:00:00,1.21483,1.2186,1.21457,1.21593,14108,0,0
2022.07.28,8:00:00,1.21593,1.21917,1.21536,1.2187,28514,0,0
2022.07.28,12:00:00,1.21871,1.21871,1.21032,1.21394,34985,0,0
2022.07.28,16:00:00,1.21394,1.21661,1.2109,1.21303,37933,0,0
2022.07.28,20:00:00,1.21304,1.21836,1.21296,1.21781,12231,0,0
2022.07.29,0:00:00,1.21768,1.218,1.21618,1.21737,12857,0,0
2022.07.29,4:00:00,1.21737,1.22036,1.21624,1.21878,16803,0,0
2022.07.29,8:00:00,1.21878,1.22457,1.21552,1.21698,28590,0,0
2022.07.29,12:00:00,1.21694,1.21869,1.2106,1.21152,30556,0,0
2022.07.29,16:00:00,1.21154,1.21866,1.20632,1.21687,39543,0,0
2022.07.29,20:00:00,1.21687,1.21885,1.21518,1.21822,8998,0,0
2022.08.01,0:00:00,1.21574,1.21881,1.21454,1.21726,9736,0,0
2022.08.01,4:00:00,1.21726,1.21983,1.21678,1.21829,13392,0,0
2022.08.01,8:00:00,1.21828,1.22308,1.2174,1.22305,18365,0,0
2022.08.01,12:00:00,1.22305,1.22617,1.22185,1.22477,24761,0,0
2022.08.01,16:00:00,1.22477,1.22935,1.22351,1.2277,35103,0,0
2022.08.01,20:00:00,1.22771,1.22774,1.22413,1.22483,14116,0,0
2022.08.02,0:00:00,1.22451,1.22786,1.22389,1.22701,10277,0,0
2022.08.02,4:00:00,1.22701,1.22763,1.22438,1.22485,22083,0,0
2022.08.02,8:00:00,1.22485,1.22563,1.21858,1.21917,28869,0,0
2022.08.02,12:00:00,1.21913,1.22279,1.21912,1.22213,25549,0,0
2022.08.02,16:00:00,1.2222,1.22409,1.21797,1.22144,38017,0,0
2022.08.02,20:00:00,1.22139,1.22144,1.21581,1.21652,17597,0,0
2022.08.03,0:00:00,1.216,1.21721,1.21343,1.21463,14948,0,3
2022.08.03,4:00:00,1.21466,1.2194,1.21452,1.21796,15521,0,0
2022.08.03,8:00:00,1.21795,1.22079,1.2157,1.21785,22000,0,0
2022.08.03,12:00:00,1.21785,1.22055,1.21668,1.21746,25294,0,0
2022.08.03,16:00:00,1.21745,1.21799,1.21001,1.21427,37888,0,0
2022.08.03,20:00:00,1.21427,1.21553,1.21378,1.21462,14101,0,0
2022.08.04,0:00:00,1.21412,1.21601,1.21338,1.21585,7278,0,0
2022.08.04,4:00:00,1.21584,1.21675,1.2144,1.21554,12248,0,0
2022.08.04,8:00:00,1.21554,1.21758,1.21286,1.21648,17515,0,0
2022.08.04,12:00:00,1.21649,1.22164,1.20647,1.21129,33684,0,0
2022.08.04,16:00:00,1.21127,1.21615,1.209,1.21459,33415,0,0
2022.08.04,20:00:00,1.21455,1.21758,1.21444,1.21586,11617,0,0
2022.08.05,0:00:00,1.2155,1.21629,1.21341,1.21381,8033,0,0
2022.08.05,4:00:00,1.21381,1.21468,1.21299,1.21404,12397,0,0
2022.08.05,8:00:00,1.21404,1.2169,1.21356,1.21446,16016,0,0
2022.08.05,12:00:00,1.21446,1.21488,1.2025,1.20274,24975,0,0
2022.08.05,16:00:00,1.20273,1.20842,1.20034,1.20775,38370,0,0
2022.08.05,20:00:00,1.20773,1.20942,1.20606,1.2073,10525,0,0
2022.08.08,0:00:00,1.20659,1.20679,1.2047,1.2056,4940,0,3
2022.08.08,4:00:00,1.20559,1.20799,1.20547,1.20763,9149,0,0
2022.08.08,8:00:00,1.20763,1.2123,1.20688,1.20855,17843,0,0
2022.08.08,12:00:00,1.20855,1.2122,1.20715,1.21208,18930,0,0
2022.08.08,16:00:00,1.2121,1.2138,1.2076,1.20771,21526,0,0
2022.08.08,20:00:00,1.20772,1.20934,1.20686,1.20806,12590,0,0
2022.08.09,0:00:00,1.2077,1.20884,1.20745,1.20778,11441,0,1
2022.08.09,4:00:00,1.20779,1.20855,1.20699,1.20845,9495,0,0
2022.08.09,8:00:00,1.20848,1.21222,1.20653,1.21183,13789,0,0
2022.08.09,12:00:00,1.21191,1.21304,1.20948,1.21073,18927,0,0
2022.08.09,16:00:00,1.21073,1.21289,1.20762,1.20829,24178,0,0
2022.08.09,20:00:00,1.20829,1.20865,1.2063,1.20769,9692,0,0
2022.08.10,0:00:00,1.20736,1.20882,1.20644,1.20684,7828,0,2
2022.08.10,4:00:00,1.20683,1.20843,1.20659,1.20835,8722,0,0
2022.08.10,8:00:00,1.20835,1.21058,1.20674,1.20951,16510,0,0
2022.08.10,12:00:00,1.20953,1.22509,1.2081,1.22188,25158,0,0
2022.08.10,16:00:00,1.22189,1.22771,1.21911,1.2248,40182,0,0
2022.08.10,20:00:00,1.2248,1.22614,1.221,1.22141,17310,0,0
2022.08.11,0:00:00,1.22114,1.22226,1.22045,1.2209,11148,0,0
2022.08.11,4:00:00,1.2209,1.22096,1.2182,1.21904,11799,0,0
2022.08.11,8:00:00,1.21904,1.22456,1.21833,1.22419,19667,0,0
2022.08.11,12:00:00,1.22422,1.22445,1.21942,1.22353,27245,0,0
2022.08.11,16:00:00,1.22353,1.22494,1.21966,1.22239,34657,0,0
2022.08.11,20:00:00,1.22243,1.22269,1.21854,1.22026,15708,0,0
2022.08.12,0:00:00,1.21964,1.22028,1.2177,1.21841,6628,0,1
2022.08.12,4:00:00,1.21841,1.2197,1.21782,1.21896,10570,0,0
2022.08.12,8:00:00,1.21893,1.22169,1.21677,1.21785,19325,0,0
2022.08.12,12:00:00,1.21785,1.21789,1.21084,1.21106,25235,0,0
2022.08.12,16:00:00,1.21113,1.21444,1.20999,1.21289,32638,0,0
2022.08.12,20:00:00,1.21287,1.21465,1.21284,1.21354,9641,0,0
2022.08.15,0:00:00,1.21089,1.21482,1.21089,1.21421,5726,0,3
2022.08.15,4:00:00,1.21421,1.21448,1.21078,1.21151,10880,0,0
2022.08.15,8:00:00,1.21151,1.21216,1.20688,1.20746,17841,0,0
2022.08.15,12:00:00,1.20746,1.21147,1.20504,1.20892,24572,0,0
2022.08.15,16:00:00,1.20893,1.21094,1.20686,1.20846,21195,0,0
2022.08.15,20:00:00,1.20846,1.20862,1.20497,1.20535,9093,0,0
2022.08.16,0:00:00,1.20522,1.2059,1.20376,1.20395,12274,0,0
2022.08.16,4:00:00,1.20397,1.20605,1.20349,1.20519,9369,0,0
2022.08.16,8:00:00,1.20517,1.20585,1.20078,1.20368,18660,0,0
2022.08.16,12:00:00,1.20372,1.20575,1.2013,1.20551,23726,0,0
2022.08.16,16:00:00,1.2055,1.21178,1.20488,1.20813,25939,0,0
2022.08.16,20:00:00,1.20813,1.21047,1.20793,1.20958,10331,0,0
2022.08.17,0:00:00,1.20937,1.21084,1.20833,1.21075,12389,0,0
2022.08.17,4:00:00,1.21072,1.21228,1.20978,1.21192,13896,0,0
2022.08.17,8:00:00,1.2119,1.21432,1.20775,1.21034,20670,0,0
2022.08.17,12:00:00,1.21034,1.21146,1.20475,1.20627,23524,0,0
2022.08.17,16:00:00,1.20627,1.20956,1.2028,1.20395,26226,0,0
2022.08.17,20:00:00,1.20401,1.2088,1.20355,1.2047,19982,0,0
2022.08.18,0:00:00,1.2044,1.20605,1.20416,1.20507,11899,0,1
2022.08.18,4:00:00,1.20506,1.20592,1.20299,1.20399,14774,0,0
2022.08.18,8:00:00,1.204,1.20583,1.19944,1.20478,27110,0,0
2022.08.18,12:00:00,1.20478,1.20798,1.20354,1.2049,26424,0,0
2022.08.18,16:00:00,1.20492,1.20534,1.19358,1.1937,30609,0,0
2022.08.18,20:00:00,1.1937,1.19436,1.19224,1.19295,16058,0,0
2022.08.19,0:00:00,1.19277,1.19368,1.19049,1.19055,14161,0,2
2022.08.19,4:00:00,1.19055,1.19258,1.18939,1.19022,14043,0,0
2022.08.19,8:00:00,1.19022,1.1926,1.18798,1.18956,26899,0,0
2022.08.19,12:00:00,1.18956,1.18965,1.18156,1.18476,27041,0,0
2022.08.19,16:00:00,1.18473,1.18577,1.1792,1.18255,28909,0,0
2022.08.19,20:00:00,1.18256,1.18345,1.18106,1.18253,12217,0,0
2022.08.22,0:00:00,1.18104,1.18336,1.18051,1.18069,6874,0,1
2022.08.22,4:00:00,1.18068,1.18366,1.18057,1.18305,14689,0,0
2022.08.22,8:00:00,1.18303,1.18364,1.17822,1.18126,27460,0,0
2022.08.22,12:00:00,1.18124,1.18228,1.17894,1.18184,24804,0,0
2022.08.22,16:00:00,1.18184,1.18271,1.17421,1.17752,28737,0,0
2022.08.22,20:00:00,1.17751,1.1776,1.17517,1.17657,10113,0,0
2022.08.23,0:00:00,1.17637,1.17821,1.17571,1.17743,8326,0,0
2022.08.23,4:00:00,1.17742,1.17848,1.17634,1.17642,12639,0,0
2022.08.23,8:00:00,1.17633,1.17792,1.17174,1.17777,32521,0,0
2022.08.23,12:00:00,1.17777,1.1783,1.1746,1.17648,24633,0,0
2022.08.23,16:00:00,1.17648,1.18779,1.17571,1.18487,39139,0,0
2022.08.23,20:00:00,1.18487,1.18504,1.18167,1.18334,12565,0,0
2022.08.24,0:00:00,1.18289,1.18382,1.18127,1.1813,8895,0,0
2022.08.24,4:00:00,1.18131,1.18279,1.17986,1.18249,14220,0,0
2022.08.24,8:00:00,1.18246,1.18338,1.18008,1.18226,19559,0,0
2022.08.24,12:00:00,1.18225,1.18264,1.17582,1.17724,28712,0,0
2022.08.24,16:00:00,1.17725,1.18258,1.17559,1.17853,35714,0,0
2022.08.24,20:00:00,1.17853,1.1802,1.1781,1.17964,11926,0,0
2022.08.25,0:00:00,1.1793,1.1815,1.17832,1.18117,9856,0,0
2022.08.25,4:00:00,1.18122,1.18425,1.18036,1.18348,14514,0,0
2022.08.25,8:00:00,1.18349,1.18646,1.18252,1.1844,25018,0,0
2022.08.25,12:00:00,1.1844,1.18572,1.18091,1.18204,25709,0,0
2022.08.25,16:00:00,1.18204,1.18502,1.1793,1.18209,31379,0,0
2022.08.25,20:00:00,1.1821,1.18391,1.18176,1.18329,13701,0,0
2022.08.26,0:00:00,1.18316,1.18382,1.18055,1.1814,8281,0,0
2022.08.26,4:00:00,1.1814,1.18313,1.18079,1.18088,11765,0,0
2022.08.26,8:00:00,1.18089,1.18103,1.17754,1.18013,25160,0,0
2022.08.26,12:00:00,1.18013,1.18544,1.18011,1.18536,25714,0,0
2022.08.26,16:00:00,1.18535,1.19012,1.17456,1.17535,53216,0,0
2022.08.26,20:00:00,1.17535,1.17578,1.17331,1.1738,12871,0,0
2022.08.29,0:00:00,1.17294,1.17342,1.16749,1.16782,10430,0,0
2022.08.29,4:00:00,1.16782,1.16857,1.1652,1.16543,14865,0,0
2022.08.29,8:00:00,1.16544,1.16829,1.16485,1.16585,32008,0,0
2022.08.29,12:00:00,1.16585,1.17345,1.16568,1.1717,30184,0,0
2022.08.29,16:00:00,1.1717,1.17443,1.16862,1.17226,33624,0,0
2022.08.29,20:00:00,1.17228,1.17293,1.16982,1.1709,11647,0,0
2022.08.30,0:00:00,1.1709,1.17252,1.1701,1.17162,14772,0,1
2022.08.30,4:00:00,1.17164,1.17265,1.16867,1.17053,13405,0,0
2022.08.30,8:00:00,1.1705,1.17528,1.16983,1.17383,31052,0,0
2022.08.30,12:00:00,1.17383,1.17607,1.16881,1.16986,30349,0,0
2022.08.30,16:00:00,1.16984,1.1722,1.16215,1.16511,43273,0,0
2022.08.30,20:00:00,1.16511,1.16699,1.16466,1.16543,14268,0,0
2022.08.31,0:00:00,1.16462,1.16752,1.16462,1.16667,9820,0,1
2022.08.31,4:00:00,1.16667,1.16924,1.16593,1.1684,13003,0,0
2022.08.31,8:00:00,1.16842,1.16937,1.1636,1.16414,28106,0,0
2022.08.31,12:00:00,1.16416,1.16509,1.16019,1.16377,30730,0,0
2022.08.31,16:00:00,1.16377,1.16537,1.15991,1.16255,43176,0,0
2022.08.31,20:00:00,1.16255,1.16305,1.16057,1.16206,17161,0,0
2022.09.01,0:00:00,1.16207,1.16221,1.15736,1.15831,22372,0,1
2022.09.01,4:00:00,1.1583,1.15908,1.15678,1.15777,14762,0,0
2022.09.01,8:00:00,1.15776,1.16168,1.1572,1.15976,32901,0,0
2022.09.01,12:00:00,1.15976,1.16078,1.15497,1.15646,31685,0,0
2022.09.01,16:00:00,1.15648,1.1579,1.14989,1.15339,43563,0,0
2022.09.01,20:00:00,1.15339,1.15554,1.15325,1.15442,15164,0,0
2022.09.02,0:00:00,1.15418,1.15596,1.15255,1.15503,8540,0,2
2022.09.02,4:00:00,1.15497,1.15556,1.15397,1.15505,13748,0,0
2022.09.02,8:00:00,1.15504,1.15695,1.15324,1.15553,24476,0,0
2022.09.02,12:00:00,1.15553,1.15888,1.15316,1.15399,31149,0,0
2022.09.02,16:00:00,1.15399,1.15889,1.15154,1.15238,44009,0,0
2022.09.02,20:00:00,1.15237,1.15238,1.14957,1.15126,18756,0,0
2022.09.05,0:00:00,1.14797,1.14984,1.14653,1.14797,13571,0,0
2022.09.05,4:00:00,1.14795,1.14931,1.14568,1.14648,20986,0,0
2022.09.05,8:00:00,1.14648,1.14941,1.14435,1.14903,35058,0,0
2022.09.05,12:00:00,1.14902,1.15189,1.14803,1.1491,23518,0,0
2022.09.05,16:00:00,1.14911,1.15214,1.14911,1.15151,16618,0,0
2022.09.05,20:00:00,1.15154,1.15216,1.15127,1.15167,3426,0,1
2022.09.06,0:00:00,1.15159,1.15913,1.15088,1.15905,10134,0,0
2022.09.06,4:00:00,1.15904,1.16001,1.15599,1.1563,18974,0,0
2022.09.06,8:00:00,1.1563,1.16094,1.15492,1.15742,38542,0,0
2022.09.06,12:00:00,1.15741,1.16086,1.15466,1.15471,30063,0,0
2022.09.06,16:00:00,1.15472,1.15516,1.14938,1.15302,43767,0,0
2022.09.06,20:00:00,1.15303,1.15329,1.15125,1.15184,17916,0,0
2022.09.07,0:00:00,1.15141,1.15238,1.14785,1.14798,7410,0,0
2022.09.07,4:00:00,1.14795,1.1486,1.14512,1.14781,21225,0,0
2022.09.07,8:00:00,1.14786,1.15234,1.14694,1.14955,27810,0,0
2022.09.07,12:00:00,1.14955,1.15015,1.14141,1.14315,33598,0,0
2022.09.07,16:00:00,1.14315,1.15004,1.1405,1.14952,35102,0,0
2022.09.07,20:00:00,1.14952,1.15395,1.14938,1.15331,14844,0,0
2022.09.08,0:00:00,1.15316,1.15411,1.15004,1.15059,10691,0,0
2022.09.08,4:00:00,1.15059,1.1516,1.14905,1.15051,18297,0,0
2022.09.08,8:00:00,1.15051,1.15222,1.14779,1.14958,31700,0,0
2022.09.08,12:00:00,1.14959,1.15609,1.14761,1.15029,36363,0,0
2022.09.08,16:00:00,1.15027,1.15162,1.14605,1.14817,50657,0,0
2022.09.08,20:00:00,1.14817,1.15171,1.14791,1.15012,20832,0,0
2022.09.09,0:00:00,1.14972,1.1552,1.14881,1.15427,12430,0,2
2022.09.09,4:00:00,1.15427,1.15959,1.15402,1.1588,21937,0,0
2022.09.09,8:00:00,1.15881,1.16482,1.15785,1.16297,32180,0,0
2022.09.09,12:00:00,1.16297,1.16306,1.15511,1.15754,31355,0,0
2022.09.09,16:00:00,1.15753,1.16023,1.15677,1.16015,33543,0,0
2022.09.09,20:00:00,1.16015,1.16016,1.15806,1.15863,10578,0,0
2022.09.12,0:00:00,1.16355,1.16376,1.16021,1.16117,10349,0,1
2022.09.12,4:00:00,1.16115,1.16288,1.16005,1.16049,15245,0,0
2022.09.12,8:00:00,1.1605,1.17,1.16048,1.16918,39589,0,0
2022.09.12,12:00:00,1.16918,1.17045,1.16631,1.16922,29376,0,0
2022.09.12,16:00:00,1.16922,1.17108,1.16636,1.17091,29260,0,0
2022.09.12,20:00:00,1.17091,1.17091,1.16752,1.16807,13211,0,0
2022.09.13,0:00:00,1.16807,1.17054,1.16752,1.1695,9100,0,1
2022.09.13,4:00:00,1.16948,1.16982,1.16788,1.16817,13693,0,0
2022.09.13,8:00:00,1.16819,1.17324,1.16798,1.17144,24350,0,0
2022.09.13,12:00:00,1.17144,1.17383,1.15536,1.15554,33163,0,0
2022.09.13,16:00:00,1.1555,1.15846,1.15153,1.15245,42674,0,0
2022.09.13,20:00:00,1.15244,1.15371,1.14915,1.14919,17910,0,0
2022.09.14,0:00:00,1.14943,1.15125,1.14807,1.15019,15086,0,0
2022.09.14,4:00:00,1.15019,1.153,1.14873,1.15211,17058,0,0
2022.09.14,8:00:00,1.1521,1.15524,1.14799,1.15383,37187,0,0
2022.09.14,12:00:00,1.15379,1.15727,1.15328,1.15568,32743,0,0
2022.09.14,16:00:00,1.15569,1.15898,1.15395,1.15656,33162,0,0
2022.09.14,20:00:00,1.15654,1.15705,1.15265,1.15392,13444,0,0
2022.09.15,0:00:00,1.15392,1.15492,1.15097,1.15337,3829,0,3
2022.09.15,4:00:00,1.15337,1.15476,1.15201,1.15246,5751,0,0
2022.09.15,8:00:00,1.15248,1.15382,1.15063,1.15281,19334,0,0
2022.09.15,12:00:00,1.1528,1.15282,1.14717,1.15095,26463,0,0
2022.09.15,16:00:00,1.15093,1.15175,1.14633,1.14811,31821,0,0
2022.09.15,20:00:00,1.14811,1.14987,1.14616,1.14685,10889,0,0
2022.09.16,0:00:00,1.14685,1.14783,1.14507,1.14709,5276,0,3
2022.09.16,4:00:00,1.14709,1.14803,1.14548,1.14657,5803,0,0
2022.09.16,8:00:00,1.14657,1.14657,1.13507,1.13708,27121,0,0
2022.09.16,12:00:00,1.1371,1.14136,1.1371,1.13783,25831,0,0
2022.09.16,16:00:00,1.13784,1.14469,1.13766,1.13974,39230,0,0
2022.09.16,20:00:00,1.13974,1.14259,1.13861,1.1423,15230,0,0
2022.09.19,0:00:00,1.14054,1.14416,1.14054,1.14242,5794,0,3
2022.09.19,4:00:00,1.14242,1.14282,1.13941,1.14012,7780,0,0
2022.09.19,8:00:00,1.14013,1.14048,1.13649,1.1366,16353,0,0
2022.09.19,12:00:00,1.1366,1.13913,1.13555,1.13717,19683,0,0
2022.09.19,16:00:00,1.13716,1.14211,1.1363,1.14177,21380,0,0
2022.09.19,20:00:00,1.14178,1.14401,1.14081,1.14322,9033,0,0
2022.09.20,0:00:00,1.14288,1.14604,1.14105,1.14306,8853,0,2
2022.09.20,4:00:00,1.14306,1.14364,1.14089,1.14279,8956,0,0
2022.09.20,8:00:00,1.14279,1.14608,1.14124,1.14323,20554,0,0
2022.09.20,12:00:00,1.14323,1.14556,1.14058,1.14182,26750,0,0
2022.09.20,16:00:00,1.1418,1.1426,1.13721,1.13835,30486,0,0
2022.09.20,20:00:00,1.13835,1.13876,1.13574,1.13799,14894,0,0
2022.09.21,0:00:00,1.13763,1.13841,1.13638,1.13717,9007,0,3
2022.09.21,4:00:00,1.13717,1.13826,1.1365,1.13683,10672,0,0
2022.09.21,8:00:00,1.13683,1.13828,1.13041,1.13299,35396,0,0
2022.09.21,12:00:00,1.13299,1.13497,1.13276,1.13426,21658,0,0
2022.09.21,16:00:00,1.13424,1.13504,1.13126,1.13143,29508,0,0
2022.09.21,20:00:00,1.13144,1.13573,1.12358,1.12681,42779,0,0
2022.09.22,0:00:00,1.12648,1.12918,1.12243,1.12272,7949,0,3
2022.09.22,4:00:00,1.12272,1.1254,1.12198,1.1243,17880,0,0
2022.09.22,8:00:00,1.12429,1.13547,1.12117,1.13259,45837,0,0
2022.09.22,12:00:00,1.13259,1.13649,1.12695,1.1336,45409,0,0
2022.09.22,16:00:00,1.13344,1.13356,1.12417,1.12644,43570,0,0
2022.09.22,20:00:00,1.12644,1.1271,1.12499,1.12538,16039,0,0
2022.09.23,0:00:00,1.12576,1.12741,1.12502,1.12642,5780,0,3
2022.09.23,4:00:00,1.1264,1.12686,1.12225,1.12318,12321,0,0
2022.09.23,8:00:00,1.12317,1.12447,1.11506,1.11751,29913,0,0
2022.09.23,12:00:00,1.11753,1.12096,1.10205,1.10609,56557,0,0
2022.09.23,16:00:00,1.10608,1.10964,1.08621,1.08964,52561,0,0
2022.09.23,20:00:00,1.08967,1.0904,1.08388,1.08449,27148,0,0
2022.09.26,0:00:00,1.07948,1.08457,1.03889,1.03998,25086,0,0
2022.09.26,4:00:00,1.03973,1.06025,1.03528,1.05339,42859,0,0
2022.09.26,8:00:00,1.0534,1.07893,1.05239,1.07542,65432,0,0
2022.09.26,12:00:00,1.07542,1.09303,1.06718,1.08802,63105,0,0
2022.09.26,16:00:00,1.08804,1.08914,1.06312,1.06815,71832,0,0
2022.09.26,20:00:00,1.06812,1.07202,1.06416,1.06895,22939,0,1
2022.09.27,0:00:00,1.06771,1.07887,1.06512,1.07697,11348,0,3
2022.09.27,4:00:00,1.07696,1.07932,1.07381,1.07698,23591,0,0
2022.09.27,8:00:00,1.07698,1.0838,1.07638,1.08074,47429,0,0
2022.09.27,12:00:00,1.08069,1.0826,1.07692,1.07715,44085,0,0
2022.09.27,16:00:00,1.0772,1.07954,1.06606,1.06756,65234,0,0
2022.09.27,20:00:00,1.06756,1.07365,1.06584,1.0729,29377,0,0
2022.09.28,0:00:00,1.07283,1.07384,1.06855,1.06916,8826,0,5
2022.09.28,4:00:00,1.06914,1.0699,1.06309,1.06476,19203,0,0
2022.09.28,8:00:00,1.06481,1.07123,1.06402,1.06899,53301,0,0
2022.09.28,12:00:00,1.069,1.08398,1.05395,1.06722,74392,0,0
2022.09.28,16:00:00,1.06715,1.08759,1.06192,1.08608,73241,0,0
2022.09.28,20:00:00,1.08609,1.09153,1.08524,1.0888,19119,0,0
2022.09.29,0:00:00,1.08859,1.08872,1.08036,1.08058,15999,0,3
2022.09.29,4:00:00,1.08055,1.08265,1.07817,1.0807,26626,0,0
2022.09.29,8:00:00,1.08073,1.08172,1.07622,1.07979,56769,0,0
2022.09.29,12:00:00,1.07979,1.08977,1.07968,1.08787,56661,0,0
2022.09.29,16:00:00,1.08787,1.11087,1.08783,1.10594,65873,0,0
2022.09.29,20:00:00,1.10598,1.11191,1.10375,1.11162,27616,0,0
2022.09.30,0:00:00,1.11099,1.12016,1.11077,1.11573,19083,0,3
2022.09.30,4:00:00,1.11572,1.1175,1.107,1.11059,32188,0,1
2022.09.30,8:00:00,1.1106,1.12346,1.10927,1.12173,54190,0,0
2022.09.30,12:00:00,1.12185,1.12211,1.1025,1.10687,56853,0,0
2022.09.30,16:00:00,1.10687,1.11769,1.10504,1.11295,68379,0,0
2022.09.30,20:00:00,1.11293,1.118,1.1118,1.11545,24797,0,0
2022.10.03,0:00:00,1.11595,1.11935,1.11103,1.11274,11965,0,0
2022.10.03,4:00:00,1.11275,1.11631,1.10859,1.10936,19181,0,1
2022.10.03,8:00:00,1.10936,1.12814,1.10912,1.12103,53511,0,0
2022.10.03,12:00:00,1.12103,1.12397,1.11693,1.12167,29038,0,0
2022.10.03,16:00:00,1.12167,1.13345,1.11999,1.1276,59744,0,0
2022.10.03,20:00:00,1.12762,1.13265,1.1265,1.13223,22890,0,0
2022.10.04,0:00:00,1.13186,1.13433,1.13097,1.133,10869,0,0
2022.10.04,4:00:00,1.133,1.1336,1.12802,1.1321,22431,0,1
2022.10.04,8:00:00,1.13208,1.14294,1.13184,1.13793,55798,0,0
2022.10.04,12:00:00,1.13792,1.13937,1.12992,1.1385,50167,0,0
2022.10.04,16:00:00,1.13856,1.14895,1.13513,1.14543,56019,0,0
2022.10.04,20:00:00,1.14544,1.14815,1.14273,1.14737,19205,0,1
2022.10.05,0:00:00,1.14733,1.14871,1.14198,1.14391,9996,0,5
2022.10.05,4:00:00,1.1439,1.14641,1.14137,1.14325,20237,0,1
2022.10.05,8:00:00,1.14325,1.1496,1.138,1.14225,45875,0,0
2022.10.05,12:00:00,1.14225,1.14294,1.13047,1.1321,38955,0,0
2022.10.05,16:00:00,1.13211,1.13277,1.12271,1.12906,54311,0,0
2022.10.05,20:00:00,1.12906,1.13566,1.12891,1.13253,23808,0,0
2022.10.06,0:00:00,1.13225,1.13833,1.12969,1.13629,18188,0,5
2022.10.06,4:00:00,1.13629,1.1379,1.13325,1.1366,25010,0,1
2022.10.06,8:00:00,1.1366,1.13672,1.12788,1.12885,48249,0,0
2022.10.06,12:00:00,1.12886,1.13157,1.12416,1.1266,42867,0,0
2022.10.06,16:00:00,1.1266,1.12694,1.11131,1.11442,57734,0,0
2022.10.06,20:00:00,1.11443,1.11929,1.11415,1.11576,26619,0,0
2022.10.07,0:00:00,1.11557,1.11726,1.11344,1.11481,14421,0,5
2022.10.07,4:00:00,1.11482,1.11892,1.11389,1.11538,17221,0,1
2022.10.07,8:00:00,1.1154,1.12192,1.11153,1.11927,43491,0,0
2022.10.07,12:00:00,1.1193,1.1225,1.10913,1.11326,39443,0,0
2022.10.07,16:00:00,1.11323,1.11698,1.10906,1.10976,55651,0,0
2022.10.07,20:00:00,1.10979,1.11042,1.10552,1.10863,24805,0,0
2022.10.10,0:00:00,1.10798,1.10958,1.10576,1.10876,20627,0,2
2022.10.10,4:00:00,1.10876,1.11109,1.10692,1.10806,25412,0,1
2022.10.10,8:00:00,1.10806,1.11107,1.10272,1.10547,47265,0,0
2022.10.10,12:00:00,1.10548,1.10999,1.10425,1.10737,31730,0,0
2022.10.10,16:00:00,1.10739,1.10813,1.10249,1.1027,44169,0,0
2022.10.10,20:00:00,1.10268,1.10816,1.10196,1.1054,29396,0,2
2022.10.11,0:00:00,1.10525,1.1095,1.10496,1.10873,13080,0,0
2022.10.11,4:00:00,1.10873,1.10943,1.10179,1.10233,29640,0,0
2022.10.11,8:00:00,1.10231,1.10563,1.09974,1.1044,59073,0,0
2022.10.11,12:00:00,1.10438,1.11142,1.1031,1.10879,44249,0,0
2022.10.11,16:00:00,1.1088,1.11799,1.10436,1.11617,62208,0,0
2022.10.11,20:00:00,1.11618,1.11649,1.09519,1.09667,43026,0,0
2022.10.12,0:00:00,1.09627,1.09918,1.0948,1.09698,23349,0,0
2022.10.12,4:00:00,1.09697,1.10605,1.0923,1.09969,49144,0,1
2022.10.12,8:00:00,1.09962,1.10655,1.09539,1.10363,65553,0,0
2022.10.12,12:00:00,1.10365,1.10989,1.1021,1.10471,47992,0,0
2022.10.12,16:00:00,1.10471,1.10997,1.10221,1.10627,57503,0,0
2022.10.12,20:00:00,1.10625,1.11335,1.10599,1.10982,34347,0,0
2022.10.13,0:00:00,1.10983,1.11198,1.10876,1.11115,18072,0,1
2022.10.13,4:00:00,1.11115,1.11148,1.10754,1.10896,26348,0,0
2022.10.13,8:00:00,1.10895,1.11038,1.10575,1.11032,45978,0,0
2022.10.13,12:00:00,1.11032,1.12973,1.11,1.12167,49363,0,0
2022.10.13,16:00:00,1.12162,1.13805,1.11589,1.13295,67620,0,0
2022.10.13,20:00:00,1.13279,1.13519,1.13009,1.13227,20310,0,2
2022.10.14,0:00:00,1.13105,1.13341,1.12893,1.1307,7242,0,0
2022.10.14,4:00:00,1.1307,1.13661,1.13056,1.13213,13889,0,1
2022.10.14,8:00:00,1.1321,1.1335,1.12547,1.12748,41274,0,0
2022.10.14,12:00:00,1.12751,1.13107,1.11667,1.12614,54138,0,0
2022.10.14,16:00:00,1.12612,1.12883,1.11521,1.11612,71882,0,0
2022.10.14,20:00:00,1.11611,1.11855,1.11553,1.11781,27262,0,1
2022.10.17,0:00:00,1.12108,1.12515,1.12089,1.12238,25227,0,5
2022.10.17,4:00:00,1.12238,1.12416,1.12157,1.12254,33118,0,0
2022.10.17,8:00:00,1.12256,1.13054,1.12235,1.12666,64371,0,0
2022.10.17,12:00:00,1.12671,1.13521,1.12555,1.13383,49864,0,0
2022.10.17,16:00:00,1.13382,1.144,1.13343,1.13901,65446,0,0
2022.10.17,20:00:00,1.13901,1.14032,1.13431,1.13581,23526,0,0
2022.10.18,0:00:00,1.13559,1.13692,1.13455,1.13527,27453,0,8
2022.10.18,4:00:00,1.13526,1.14102,1.13308,1.13892,36926,0,1
2022.10.18,8:00:00,1.13893,1.14024,1.12867,1.12939,63861,0,0
2022.10.18,12:00:00,1.12939,1.13465,1.12555,1.13273,64247,0,0
2022.10.18,16:00:00,1.13271,1.13387,1.12801,1.13131,70615,0,0
2022.10.18,20:00:00,1.13129,1.13345,1.12792,1.13217,32259,0,0
2022.10.19,0:00:00,1.1313,1.13584,1.13096,1.13406,22484,0,3
2022.10.19,4:00:00,1.13404,1.13507,1.13175,1.13258,44232,0,1
2022.10.19,8:00:00,1.13254,1.13304,1.12456,1.12619,61850,0,0
2022.10.19,12:00:00,1.12622,1.12863,1.12214,1.12459,59042,0,0
2022.10.19,16:00:00,1.12462,1.12784,1.11886,1.11932,53342,0,0
2022.10.19,20:00:00,1.11934,1.12267,1.11846,1.12166,27833,0,0
2022.10.20,0:00:00,1.12156,1.12284,1.1197,1.12086,23060,0,0
2022.10.20,4:00:00,1.12084,1.12416,1.11906,1.12211,44386,0,1
2022.10.20,8:00:00,1.12211,1.12403,1.11799,1.11846,64462,0,0
2022.10.20,12:00:00,1.11849,1.13077,1.11714,1.12551,72027,0,0
2022.10.20,16:00:00,1.12554,1.13367,1.12425,1.12552,76190,0,0
2022.10.20,20:00:00,1.12552,1.12556,1.12024,1.1235,39358,0,0
2022.10.21,0:00:00,1.12324,1.1238,1.1198,1.12063,18784,0,0
2022.10.21,4:00:00,1.12064,1.12189,1.119,1.11962,40839,0,1
2022.10.21,8:00:00,1.11962,1.12227,1.1123,1.11307,61233,0,0
2022.10.21,12:00:00,1.11306,1.11539,1.10607,1.1129,59312,0,0
2022.10.21,16:00:00,1.11289,1.12998,1.11171,1.12597,88257,0,0
2022.10.21,20:00:00,1.12604,1.13143,1.12426,1.12932,28183,0,0
2022.10.24,0:00:00,1.13793,1.14083,1.13067,1.13278,34133,0,0
2022.10.24,4:00:00,1.13277,1.13538,1.12999,1.13479,39721,0,1
2022.10.24,8:00:00,1.13478,1.13824,1.13029,1.13264,55250,0,0
2022.10.24,12:00:00,1.13276,1.1349,1.12732,1.13245,59506,0,0
2022.10.24,16:00:00,1.13242,1.13442,1.12579,1.12752,69975,0,0
2022.10.24,20:00:00,1.12755,1.12959,1.12714,1.12767,17161,0,0
2022.10.25,0:00:00,1.12712,1.13255,1.12695,1.13184,19820,0,4
2022.10.25,4:00:00,1.13183,1.13241,1.12921,1.12988,39504,0,1
2022.10.25,8:00:00,1.12991,1.13321,1.12711,1.13206,49395,0,0
2022.10.25,12:00:00,1.13204,1.13641,1.13051,1.13633,41493,0,0
2022.10.25,16:00:00,1.13634,1.14994,1.13629,1.14699,56318,0,0
2022.10.25,20:00:00,1.14695,1.1488,1.14598,1.14693,24412,0,0
2022.10.26,0:00:00,1.14693,1.1476,1.14317,1.14384,17301,0,0
2022.10.26,4:00:00,1.14384,1.14677,1.14302,1.14525,33543,0,0
2022.10.26,8:00:00,1.14525,1.16064,1.14453,1.16003,62494,0,0
2022.10.26,12:00:00,1.16001,1.16203,1.15456,1.15553,64570,0,0
2022.10.26,16:00:00,1.15552,1.16389,1.15439,1.16105,59769,0,0
2022.10.26,20:00:00,1.16108,1.16335,1.15975,1.16267,13655,0,1
2022.10.27,0:00:00,1.16162,1.16451,1.15772,1.16247,12561,0,8
2022.10.27,4:00:00,1.16249,1.16396,1.16046,1.16231,16259,0,1
2022.10.27,8:00:00,1.1623,1.16366,1.15853,1.15904,40674,0,1
2022.10.27,12:00:00,1.15902,1.15956,1.1549,1.15778,46063,0,1
2022.10.27,16:00:00,1.15777,1.16343,1.15567,1.15733,60971,0,0
2022.10.27,20:00:00,1.15734,1.16017,1.15573,1.15629,14766,0,1
2022.10.28,0:00:00,1.15574,1.15739,1.15438,1.15522,8116,0,7
2022.10.28,4:00:00,1.15527,1.15941,1.15477,1.15721,18814,0,1
2022.10.28,8:00:00,1.15722,1.15733,1.15035,1.15269,43401,0,1
2022.10.28,12:00:00,1.15274,1.15751,1.15125,1.15387,47452,0,0
2022.10.28,16:00:00,1.15388,1.16,1.15335,1.15884,53323,0,0
2022.10.28,20:00:00,1.15884,1.16233,1.15827,1.16141,15877,0,4
2022.10.31,0:00:00,1.15858,1.16134,1.15795,1.1594,23578,0,0
2022.10.31,4:00:00,1.15941,1.16097,1.15853,1.15936,29889,0,1
2022.10.31,8:00:00,1.15937,1.16074,1.15427,1.15644,45339,0,0
2022.10.31,12:00:00,1.15644,1.15645,1.14755,1.14797,38426,0,0
2022.10.31,16:00:00,1.14797,1.15285,1.146,1.14682,42560,0,0
2022.10.31,20:00:00,1.14684,1.14776,1.14507,1.14663,18271,0,0
2022.11.01,0:00:00,1.14662,1.14966,1.14637,1.14909,22614,0,0
2022.11.01,4:00:00,1.14909,1.15324,1.14891,1.15234,38359,0,0
2022.11.01,8:00:00,1.15231,1.15498,1.15015,1.15344,51065,0,0
2022.11.01,12:00:00,1.15339,1.15663,1.15272,1.15489,37562,0,0
2022.11.01,16:00:00,1.15488,1.15507,1.1437,1.14854,54118,0,0
2022.11.01,20:00:00,1.14853,1.14885,1.14664,1.14881,14983,0,0
2022.11.02,0:00:00,1.14873,1.15103,1.14719,1.15064,32634,0,5
2022.11.02,4:00:00,1.15063,1.15264,1.14963,1.15107,41357,0,1
2022.11.02,8:00:00,1.15107,1.1524,1.14847,1.14976,44732,0,0
2022.11.02,12:00:00,1.14976,1.15171,1.14804,1.14932,41493,0,0
2022.11.02,16:00:00,1.14932,1.14944,1.14488,1.14723,34092,0,0
2022.11.02,20:00:00,1.147,1.15645,1.13836,1.13896,47556,0,0
2022.11.03,0:00:00,1.13895,1.14218,1.13743,1.14125,27718,0,4
2022.11.03,4:00:00,1.14124,1.14207,1.14035,1.14094,27871,0,1
2022.11.03,8:00:00,1.14089,1.1409,1.1244,1.1253,50333,0,0
2022.11.03,12:00:00,1.1253,1.12698,1.11566,1.11775,57820,0,0
2022.11.03,16:00:00,1.11773,1.12299,1.11575,1.11766,51059,0,0
2022.11.03,20:00:00,1.11766,1.11793,1.11503,1.11597,17312,0,0
2022.11.04,0:00:00,1.11599,1.11985,1.11494,1.11982,24119,0,2
2022.11.04,4:00:00,1.11982,1.12412,1.11909,1.12075,34637,0,0
2022.11.04,8:00:00,1.12076,1.12497,1.11916,1.12188,53617,0,0
2022.11.04,12:00:00,1.12188,1.12969,1.11475,1.12701,56010,0,0
2022.11.04,16:00:00,1.12702,1.13373,1.12624,1.13328,62557,0,0
2022.11.04,20:00:00,1.13327,1.13817,1.13208,1.13734,21515,0,0
2022.11.07,0:00:00,1.13094,1.13431,1.12982,1.13253,24020,0,1
2022.11.07,4:00:00,1.13252,1.13501,1.13178,1.13351,32574,0,1
2022.11.07,8:00:00,1.13352,1.14704,1.12904,1.1441,63003,0,0
2022.11.07,12:00:00,1.1441,1.14777,1.14263,1.14701,45353,0,0
2022.11.07,16:00:00,1.14701,1.15187,1.1441,1.15176,48385,0,0
2022.11.07,20:00:00,1.15176,1.15414,1.15097,1.15133,19875,0,0
2022.11.08,0:00:00,1.151,1.15369,1.14994,1.15149,24846,0,3
2022.11.08,4:00:00,1.15149,1.15187,1.14797,1.14865,32047,0,0
2022.11.08,8:00:00,1.14865,1.14976,1.14438,1.14916,48230,0,0
2022.11.08,12:00:00,1.14915,1.14932,1.14297,1.14458,39654,0,0
2022.11.08,16:00:00,1.14459,1.15991,1.14443,1.15782,42145,0,0
2022.11.08,20:00:00,1.1578,1.15849,1.1512,1.15428,13319,0,0
2022.11.09,0:00:00,1.15362,1.15575,1.15226,1.15297,9564,0,8
2022.11.09,4:00:00,1.15297,1.15596,1.15297,1.1535,15279,0,1
2022.11.09,8:00:00,1.15349,1.1567,1.14374,1.14522,43653,0,1
2022.11.09,12:00:00,1.14519,1.14763,1.14044,1.14102,45459,0,0
2022.11.09,16:00:00,1.14103,1.14396,1.13561,1.13792,52890,0,0
2022.11.09,20:00:00,1.13799,1.13846,1.13334,1.13548,13577,0,0
2022.11.10,0:00:00,1.13517,1.13919,1.13335,1.13866,6710,0,8
2022.11.10,4:00:00,1.13866,1.14119,1.13721,1.14074,12979,0,1
2022.11.10,8:00:00,1.14073,1.1413,1.1363,1.13663,41825,0,0
2022.11.10,12:00:00,1.13664,1.16537,1.13657,1.16079,35866,0,0
2022.11.10,16:00:00,1.16083,1.16867,1.15927,1.16439,69513,0,0
2022.11.10,20:00:00,1.16441,1.17309,1.16433,1.17138,19433,0,0
2022.11.11,0:00:00,1.17035,1.17167,1.1647,1.165,10412,0,7
2022.11.11,4:00:00,1.165,1.17176,1.165,1.17084,17499,0,1
2022.11.11,8:00:00,1.17083,1.17709,1.16926,1.1756,44807,0,0
2022.11.11,12:00:00,1.17558,1.17959,1.17194,1.17802,63463,0,0
2022.11.11,16:00:00,1.17804,1.18047,1.17088,1.17988,61611,0,0
2022.11.11,20:00:00,1.1799,1.18549,1.17956,1.18321,31301,0,0
2022.11.14,0:00:00,1.17963,1.18173,1.17647,1.1788,35721,0,1
2022.11.14,4:00:00,1.17878,1.17933,1.17431,1.17474,39865,0,0
2022.11.14,8:00:00,1.17474,1.18289,1.17474,1.18005,53438,0,0
2022.11.14,12:00:00,1.17996,1.18132,1.17395,1.17582,57849,0,0
2022.11.14,16:00:00,1.17584,1.17669,1.171,1.17578,57495,0,0
2022.11.14,20:00:00,1.1758,1.18029,1.17498,1.17572,26409,0,0
2022.11.15,0:00:00,1.17541,1.17673,1.17404,1.17485,19540,0,3
2022.11.15,4:00:00,1.17484,1.1784,1.17437,1.17762,23583,0,1
2022.11.15,8:00:00,1.17758,1.18446,1.177,1.18234,53874,0,0
2022.11.15,12:00:00,1.18248,1.20296,1.18204,1.19673,61369,0,0
2022.11.15,16:00:00,1.19682,1.1989,1.18558,1.18923,71005,0,0
2022.11.15,20:00:00,1.18923,1.1897,1.17903,1.18651,54219,0,0
2022.11.16,0:00:00,1.18613,1.1887,1.18323,1.18437,33743,0,0
2022.11.16,4:00:00,1.18437,1.18842,1.1831,1.18706,40100,0,0
2022.11.16,8:00:00,1.18703,1.19029,1.18368,1.18956,54490,0,0
2022.11.16,12:00:00,1.18956,1.1942,1.18596,1.18722,59098,0,0
2022.11.16,16:00:00,1.18723,1.19057,1.18319,1.18949,65203,0,0
2022.11.16,20:00:00,1.1895,1.19248,1.18688,1.19133,32578,0,0
2022.11.17,0:00:00,1.19088,1.19206,1.18832,1.18871,24784,0,3
2022.11.17,4:00:00,1.1887,1.19044,1.18658,1.18975,39790,0,0
2022.11.17,8:00:00,1.18976,1.1958,1.18694,1.18862,51275,0,0
2022.11.17,12:00:00,1.18863,1.18894,1.17628,1.17648,64330,0,0
2022.11.17,16:00:00,1.17647,1.18443,1.17632,1.18371,56566,0,0
2022.11.17,20:00:00,1.18368,1.18684,1.18346,1.18609,26841,0,0
2022.11.18,0:00:00,1.18603,1.19017,1.18544,1.1886,28252,0,3
2022.11.18,4:00:00,1.1886,1.19312,1.18857,1.19033,38542,0,0
2022.11.18,8:00:00,1.19031,1.19508,1.18815,1.19273,55960,0,0
2022.11.18,12:00:00,1.19275,1.1941,1.18905,1.19064,44633,0,0
2022.11.18,16:00:00,1.1907,1.19378,1.18731,1.1879,53192,0,0
2022.11.18,20:00:00,1.18791,1.19006,1.18751,1.18844,25964,0,0
2022.11.21,0:00:00,1.18914,1.18992,1.18455,1.18565,24332,0,1
2022.11.21,4:00:00,1.18565,1.18569,1.18207,1.18322,31231,0,1
2022.11.21,8:00:00,1.18323,1.18404,1.17924,1.18053,50556,0,0
2022.11.21,12:00:00,1.18052,1.18303,1.17847,1.18092,44466,0,0
2022.11.21,16:00:00,1.18092,1.18278,1.17781,1.17935,48654,0,0
2022.11.21,20:00:00,1.17933,1.18244,1.17907,1.18233,12606,0,0
2022.11.22,0:00:00,1.18169,1.18589,1.18151,1.18531,27514,0,0
2022.11.22,4:00:00,1.1853,1.18638,1.18339,1.18444,34272,0,0
2022.11.22,8:00:00,1.18446,1.18839,1.18244,1.18602,50372,0,0
2022.11.22,12:00:00,1.186,1.19024,1.1846,1.18765,40748,0,0
2022.11.22,16:00:00,1.18766,1.18916,1.18553,1.1882,43703,0,0
2022.11.22,20:00:00,1.1882,1.18936,1.18742,1.18831,23708,0,0
2022.11.23,0:00:00,1.18832,1.1909,1.18758,1.18841,23824,0,0
2022.11.23,4:00:00,1.18842,1.1894,1.18725,1.18859,23778,0,1
2022.11.23,8:00:00,1.18858,1.19363,1.18743,1.19194,42213,0,0
2022.11.23,12:00:00,1.19194,1.19821,1.1905,1.19706,41593,0,0
2022.11.23,16:00:00,1.19706,1.20809,1.19661,1.20292,54750,0,0
2022.11.23,20:00:00,1.20294,1.20725,1.20193,1.20532,36040,0,0
2022.11.24,0:00:00,1.20497,1.20925,1.20471,1.20882,28496,0,4
2022.11.24,4:00:00,1.20883,1.21127,1.20792,1.20929,31835,0,0
2022.11.24,8:00:00,1.20928,1.20973,1.20594,1.20935,50419,0,0
2022.11.24,12:00:00,1.20938,1.21322,1.20868,1.21172,48962,0,0
2022.11.24,16:00:00,1.2117,1.21535,1.21161,1.21237,36080,0,0
2022.11.24,20:00:00,1.21237,1.21242,1.21108,1.21163,18123,0,3
2022.11.25,0:00:00,1.21092,1.21174,1.20959,1.21008,15491,0,0
2022.11.25,4:00:00,1.21008,1.21275,1.20955,1.21003,22609,0,0
2022.11.25,8:00:00,1.21002,1.21253,1.20725,1.20804,35700,0,0
2022.11.25,12:00:00,1.20804,1.21202,1.20579,1.20795,35860,0,0
2022.11.25,16:00:00,1.20795,1.21112,1.20628,1.2095,41655,0,0
2022.11.25,20:00:00,1.20947,1.21047,1.20722,1.20913,17750,0,0
2022.11.28,0:00:00,1.20565,1.20748,1.20302,1.20381,31620,0,2
2022.11.28,4:00:00,1.20383,1.20601,1.20253,1.20494,36473,0,0
2022.11.28,8:00:00,1.20492,1.21181,1.20467,1.20873,57473,0,0
2022.11.28,12:00:00,1.20872,1.21104,1.20593,1.20755,50473,0,0
2022.11.28,16:00:00,1.20756,1.20759,1.20007,1.20009,54250,0,0
2022.11.28,20:00:00,1.20009,1.20075,1.19401,1.19554,34161,0,0
2022.11.29,0:00:00,1.19539,1.19919,1.19446,1.19891,33827,0,4
2022.11.29,4:00:00,1.1989,1.2022,1.19829,1.20114,38407,0,1
2022.11.29,8:00:00,1.20114,1.20644,1.19799,1.19862,52441,0,0
2022.11.29,12:00:00,1.19874,1.20351,1.19789,1.19872,36017,0,0
2022.11.29,16:00:00,1.1987,1.20174,1.19531,1.1971,51740,0,0
2022.11.29,20:00:00,1.1971,1.19766,1.19449,1.19517,9520,0,1
2022.11.30,0:00:00,1.19482,1.19901,1.19413,1.19811,6572,0,12
2022.11.30,4:00:00,1.19811,1.19929,1.19707,1.19792,12347,0,1
2022.11.30,8:00:00,1.19794,1.20161,1.19479,1.20145,35476,0,0
2022.11.30,12:00:00,1.20143,1.20294,1.19857,1.1987,40784,0,0
2022.11.30,16:00:00,1.19867,1.20241,1.19002,1.19423,55268,0,0
2022.11.30,20:00:00,1.19422,1.20866,1.19212,1.2055,33286,0,1
2022.12.01,0:00:00,1.20555,1.21045,1.20486,1.20826,8733,0,8
2022.12.01,4:00:00,1.20825,1.21079,1.20733,1.21026,12252,0,1
2022.12.01,8:00:00,1.21023,1.21512,1.20697,1.21498,44420,0,0
2022.12.01,12:00:00,1.21498,1.22421,1.21351,1.22143,45024,0,1
2022.12.01,16:00:00,1.22143,1.23109,1.22091,1.22597,66246,0,0
2022.12.01,20:00:00,1.22596,1.22756,1.22336,1.2255,17637,0,0
2022.12.02,0:00:00,1.22512,1.22788,1.22311,1.22421,6432,0,12
2022.12.02,4:00:00,1.22421,1.22535,1.22247,1.22291,11880,0,1
2022.12.02,8:00:00,1.22291,1.22977,1.22269,1.22739,38509,0,0
2022.12.02,12:00:00,1.22746,1.22939,1.21345,1.21846,43594,0,0
2022.12.02,16:00:00,1.21849,1.22999,1.21667,1.22769,58458,0,0
2022.12.02,20:00:00,1.22777,1.22987,1.2259,1.22905,11944,0,1
2022.12.05,0:00:00,1.22632,1.2335,1.22504,1.23238,9731,0,8
2022.12.05,4:00:00,1.23238,1.23441,1.23139,1.2334,11312,0,1
2022.12.05,8:00:00,1.23342,1.23344,1.22623,1.22838,33900,0,1
2022.12.05,12:00:00,1.22836,1.23202,1.22332,1.22621,33761,0,0
2022.12.05,16:00:00,1.22621,1.22753,1.21633,1.21818,45836,0,0
2022.12.05,20:00:00,1.21817,1.2199,1.21612,1.21906,12521,0,1
2022.12.06,0:00:00,1.21864,1.22233,1.21686,1.2208,7058,0,0
2022.12.06,4:00:00,1.2208,1.22188,1.21792,1.21933,14257,0,1
2022.12.06,8:00:00,1.21934,1.22227,1.21673,1.2178,41911,0,1
2022.12.06,12:00:00,1.21775,1.22414,1.21587,1.22023,33608,0,0
2022.12.06,16:00:00,1.2202,1.22693,1.21531,1.21757,33312,0,1
2022.12.06,20:00:00,1.21758,1.21813,1.21273,1.21318,11781,0,2
2022.12.07,0:00:00,1.21296,1.21458,1.21212,1.21434,6849,0,8
2022.12.07,4:00:00,1.21434,1.21499,1.21232,1.21293,10444,0,5
2022.12.07,8:00:00,1.21294,1.21566,1.21067,1.21295,30953,0,1
2022.12.07,12:00:00,1.21297,1.22259,1.21295,1.22175,23121,0,0
2022.12.07,16:00:00,1.22175,1.22302,1.21719,1.22241,35820,0,1
2022.12.07,20:00:00,1.22241,1.22344,1.22013,1.22034,14855,0,3
2022.12.08,0:00:00,1.22015,1.22133,1.21798,1.21843,6786,0,6
2022.12.08,4:00:00,1.21845,1.21961,1.2178,1.21879,7443,0,5
2022.12.08,8:00:00,1.21878,1.22147,1.21595,1.21719,14518,0,1
2022.12.08,12:00:00,1.21719,1.22338,1.21548,1.22128,17804,0,1
2022.12.08,16:00:00,1.22128,1.2247,1.21906,1.22334,23120,0,1
2022.12.08,20:00:00,1.22334,1.2247,1.2224,1.22363,11899,0,4
2022.12.09,0:00:00,1.22324,1.22721,1.22204,1.22679,8100,0,8
2022.12.09,4:00:00,1.22685,1.22764,1.22522,1.22594,11138,0,1
2022.12.09,8:00:00,1.22595,1.22705,1.22316,1.22474,21076,0,1
2022.12.09,12:00:00,1.22474,1.22972,1.22042,1.22699,23151,0,1
2022.12.09,16:00:00,1.22701,1.23225,1.22496,1.22863,29431,0,1
2022.12.09,20:00:00,1.22864,1.22873,1.22521,1.22606,10546,0,1
2022.12.12,0:00:00,1.22519,1.22657,1.22118,1.22221,6693,0,7
2022.12.12,4:00:00,1.22221,1.22377,1.22122,1.22268,6068,0,3
2022.12.12,8:00:00,1.22269,1.22779,1.22073,1.22738,21866,0,1
2022.12.12,12:00:00,1.22739,1.22989,1.22685,1.22931,17738,0,1
2022.12.12,16:00:00,1.22931,1.22985,1.22421,1.22821,23127,0,1
2022.12.12,20:00:00,1.22818,1.22845,1.22407,1.22656,12666,0,5
2022.12.13,0:00:00,1.22664,1.22784,1.22566,1.22755,4807,0,8
2022.12.13,4:00:00,1.22755,1.22906,1.22516,1.22812,9007,0,1
2022.12.13,8:00:00,1.22815,1.23032,1.2248,1.22741,18974,0,1
2022.12.13,12:00:00,1.22741,1.24392,1.22608,1.24105,27770,0,0
2022.12.13,16:00:00,1.24105,1.24438,1.23518,1.23668,51451,0,0
2022.12.13,20:00:00,1.23668,1.2381,1.2345,1.23644,24208,0,4
2022.12.14,0:00:00,1.23625,1.23756,1.23416,1.23511,8229,0,6
2022.12.14,4:00:00,1.23513,1.23594,1.2343,1.23548,6189,0,5
2022.12.14,8:00:00,1.23548,1.24034,1.23424,1.23941,22234,0,1
2022.12.14,12:00:00,1.23941,1.24039,1.23551,1.23715,23022,0,1
2022.12.14,16:00:00,1.23712,1.24235,1.23587,1.24188,26976,0,1
2022.12.14,20:00:00,1.24188,1.24464,1.23444,1.24256,42979,0,2
2022.12.15,0:00:00,1.24166,1.24313,1.23983,1.23997,6322,0,6
2022.12.15,4:00:00,1.24003,1.24031,1.23767,1.23927,6862,0,5
2022.12.15,8:00:00,1.23927,1.24021,1.22961,1.23392,20448,0,1
2022.12.15,12:00:00,1.23392,1.23556,1.22894,1.23173,32037,0,0
2022.12.15,16:00:00,1.23173,1.2357,1.21561,1.21591,45356,0,1
2022.12.15,20:00:00,1.21591,1.21958,1.21577,1.21759,13339,0,4
2022.12.16,0:00:00,1.21757,1.22066,1.21718,1.22013,7943,0,7
2022.12.16,4:00:00,1.22013,1.22227,1.21996,1.22057,8795,0,1
2022.12.16,8:00:00,1.22057,1.22225,1.21196,1.21444,22156,0,1
2022.12.16,12:00:00,1.21441,1.22156,1.21395,1.21886,21903,0,0
2022.12.16,16:00:00,1.21886,1.22223,1.21453,1.21797,35527,0,1
2022.12.16,20:00:00,1.21799,1.21895,1.21498,1.21531,12570,0,4
2022.12.19,0:00:00,1.21376,1.21969,1.21376,1.21968,9922,0,8
2022.12.19,4:00:00,1.21968,1.2202,1.21672,1.21696,9672,0,5
2022.12.19,8:00:00,1.21696,1.22421,1.21692,1.22121,23436,0,1
2022.12.19,12:00:00,1.22119,1.2224,1.21558,1.21657,30953,0,1
2022.12.19,16:00:00,1.21659,1.21931,1.21203,1.21808,28566,0,1
2022.12.19,20:00:00,1.21808,1.21815,1.21387,1.21458,10453,0,4
2022.12.20,0:00:00,1.2148,1.21553,1.21381,1.21526,8319,0,8
2022.12.20,4:00:00,1.21526,1.22232,1.20852,1.21158,27781,0,1
2022.12.20,8:00:00,1.2116,1.21975,1.21141,1.21499,36543,0,1
2022.12.20,12:00:00,1.21496,1.21822,1.2098,1.21472,25333,0,1
2022.12.20,16:00:00,1.21472,1.2168,1.21223,1.21422,34497,0,1
2022.12.20,20:00:00,1.21424,1.21872,1.21332,1.21825,11712,0,3
2022.12.21,0:00:00,1.21794,1.21923,1.21601,1.21664,11198,0,8
2022.12.21,4:00:00,1.21665,1.2172,1.21606,1.21667,8398,0,5
2022.12.21,8:00:00,1.21667,1.21828,1.21276,1.21382,18019,0,1
2022.12.21,12:00:00,1.2138,1.2164,1.20857,1.21417,21563,0,1
2022.12.21,16:00:00,1.21414,1.21429,1.20551,1.2068,27236,0,1
2022.12.21,20:00:00,1.20677,1.2097,1.20596,1.20828,11929,0,4
2022.12.22,0:00:00,1.20786,1.21138,1.207,1.21109,8462,0,5
2022.12.22,4:00:00,1.21106,1.21345,1.21081,1.21186,8630,0,5
2022.12.22,8:00:00,1.21186,1.21473,1.20873,1.20994,16944,0,1
2022.12.22,12:00:00,1.20994,1.21088,1.2022,1.20307,25464,0,1
2022.12.22,16:00:00,1.20307,1.20439,1.19924,1.2021,24575,0,1
2022.12.22,20:00:00,1.2021,1.20473,1.20007,1.20378,12725,0,4
2022.12.23,0:00:00,1.20365,1.20461,1.20018,1.20448,10595,0,8
2022.12.23,4:00:00,1.20449,1.20578,1.20349,1.20355,8837,0,5
2022.12.23,8:00:00,1.20356,1.20747,1.20289,1.20661,15703,0,1
2022.12.23,12:00:00,1.20661,1.20902,1.20229,1.2044,20598,0,1
2022.12.23,16:00:00,1.2044,1.20862,1.20284,1.20529,27198,0,1
2022.12.23,20:00:00,1.20529,1.20546,1.20273,1.20478,12578,0,5
2022.12.26,8:00:00,1.2054,1.206,1.20477,1.20568,1634,0,61
2022.12.26,12:00:00,1.20567,1.20784,1.20496,1.20722,1283,0,27
2022.12.26,16:00:00,1.20721,1.20736,1.20468,1.20553,831,0,27
2022.12.26,20:00:00,1.20543,1.20685,1.20475,1.20615,795,0,14
2022.12.27,0:00:00,1.20615,1.20999,1.20452,1.20981,7183,0,8
2022.12.27,4:00:00,1.20982,1.21025,1.20788,1.20949,9052,0,1
2022.12.27,8:00:00,1.20949,1.21123,1.20518,1.20619,13812,0,1
2022.12.27,12:00:00,1.20617,1.20736,1.20205,1.20238,15368,0,3
2022.12.27,16:00:00,1.20234,1.20477,1.20023,1.20136,19209,0,1
2022.12.27,20:00:00,1.20136,1.20363,1.20113,1.20319,8155,0,4
2022.12.28,0:00:00,1.20264,1.20311,1.20077,1.20268,6261,0,8
2022.12.28,4:00:00,1.2027,1.20293,1.20022,1.20256,8370,0,1
2022.12.28,8:00:00,1.20254,1.20543,1.20175,1.20293,13779,0,1
2022.12.28,12:00:00,1.20293,1.21003,1.20264,1.20839,16351,0,1
2022.12.28,16:00:00,1.2084,1.21259,1.2022,1.20439,22301,0,1
2022.12.28,20:00:00,1.20439,1.20542,1.20163,1.20175,8388,0,4
2022.12.29,0:00:00,1.20152,1.20506,1.20101,1.20401,10075,0,0
2022.12.29,4:00:00,1.20396,1.20455,1.20275,1.20379,7254,0,4
2022.12.29,8:00:00,1.20381,1.20632,1.20146,1.20552,12106,0,0
2022.12.29,12:00:00,1.20554,1.20596,1.20197,1.20496,16171,0,0
2022.12.29,16:00:00,1.20496,1.20785,1.20224,1.20684,21532,0,1
2022.12.29,20:00:00,1.20685,1.20741,1.20533,1.20553,7867,0,4
2022.12.30,0:00:00,1.20528,1.20667,1.20381,1.2059,6708,0,2
2022.12.30,4:00:00,1.20589,1.20591,1.20383,1.20439,7264,0,2
2022.12.30,8:00:00,1.20437,1.20754,1.20272,1.20313,15071,0,1
2022.12.30,12:00:00,1.20313,1.20655,1.20096,1.20526,17520,0,1
2022.12.30,16:00:00,1.20526,1.21076,1.20158,1.20982,30093,0,1
2022.12.30,20:00:00,1.20988,1.20998,1.20583,1.20907,23591,0,1
2023.01.02,4:00:00,1.20782,1.20783,1.20736,1.20747,33,0,6
2023.01.02,8:00:00,1.20747,1.20768,1.2044,1.20458,3776,0,0
2023.01.02,12:00:00,1.20457,1.20553,1.20455,1.20516,4527,0,0
2023.01.02,16:00:00,1.20515,1.20531,1.2035,1.2047,5195,0,1
2023.01.02,20:00:00,1.20469,1.20492,1.20425,1.20458,2102,0,12
2023.01.03,0:00:00,1.20432,1.20749,1.20347,1.20508,9820,0,4
2023.01.03,4:00:00,1.20508,1.20848,1.20495,1.20693,12613,0,1
2023.01.03,8:00:00,1.20693,1.20792,1.19003,1.19237,27560,0,1
2023.01.03,12:00:00,1.19238,1.20098,1.19052,1.19931,19083,0,1
2023.01.03,16:00:00,1.1993,1.20577,1.19528,1.19642,28542,0,1
2023.01.03,20:00:00,1.19642,1.19912,1.19619,1.19655,11419,0,4
2023.01.04,0:00:00,1.19616,1.19963,1.19572,1.19938,9563,0,8
2023.01.04,4:00:00,1.19937,1.20011,1.19787,1.19846,9556,0,1
2023.01.04,8:00:00,1.1984,1.20865,1.19716,1.20601,23975,0,1
2023.01.04,12:00:00,1.20602,1.20876,1.20296,1.20563,21330,0,1
2023.01.04,16:00:00,1.20561,1.20763,1.20137,1.20659,31217,0,1
2023.01.04,20:00:00,1.20659,1.20728,1.20408,1.20532,18099,0,5
2023.01.05,0:00:00,1.20523,1.20778,1.20505,1.2063,8805,0,6
2023.01.05,4:00:00,1.20629,1.20632,1.20307,1.20373,11315,0,1
2023.01.05,8:00:00,1.20374,1.20506,1.19997,1.20304,17219,0,1
2023.01.05,12:00:00,1.20304,1.20381,1.19174,1.19199,22891,0,1
2023.01.05,16:00:00,1.192,1.19284,1.18732,1.19073,37593,0,1
2023.01.05,20:00:00,1.19074,1.19352,1.1897,1.19128,15882,0,4
2023.01.06,0:00:00,1.19098,1.19285,1.18795,1.19185,11398,0,7
2023.01.06,4:00:00,1.19185,1.19354,1.18987,1.19039,12761,0,1
2023.01.06,8:00:00,1.1904,1.19262,1.18535,1.18582,22334,0,1
2023.01.06,12:00:00,1.18583,1.19296,1.18414,1.19262,27203,0,1
2023.01.06,16:00:00,1.19262,1.20849,1.18785,1.20847,41911,0,1
2023.01.06,20:00:00,1.20847,1.20991,1.20707,1.20945,11150,0,5
2023.01.09,0:00:00,1.2077,1.2128,1.2076,1.21135,12186,0,7
2023.01.09,4:00:00,1.21135,1.2158,1.21119,1.21463,12401,0,4
2023.01.09,8:00:00,1.21463,1.2174,1.21257,1.21587,24978,0,2
2023.01.09,12:00:00,1.21587,1.21881,1.2112,1.21682,22428,0,3
2023.01.09,16:00:00,1.21682,1.221,1.21606,1.21944,28938,0,3
2023.01.09,20:00:00,1.21944,1.22044,1.2176,1.21836,15463,0,4
2023.01.10,0:00:00,1.21842,1.21982,1.21632,1.21796,9299,0,4
2023.01.10,4:00:00,1.21796,1.21859,1.21567,1.21748,13119,0,5
2023.01.10,8:00:00,1.21749,1.21846,1.21398,1.21836,21031,0,1
2023.01.10,12:00:00,1.21837,1.21838,1.21099,1.21373,17521,0,1
2023.01.10,16:00:00,1.21373,1.2181,1.21353,1.21485,34393,0,1
2023.01.10,20:00:00,1.21485,1.21676,1.21418,1.21495,9875,0,4
2023.01.11,0:00:00,1.21466,1.21638,1.21364,1.21502,7932,0,6
2023.01.11,4:00:00,1.21498,1.21737,1.21459,1.21687,8903,0,1
2023.01.11,8:00:00,1.21685,1.21781,1.21257,1.21324,18080,0,1
2023.01.11,12:00:00,1.21324,1.21408,1.21035,1.2106,17797,0,1
2023.01.11,16:00:00,1.21062,1.21539,1.21003,1.21208,24089,0,1
2023.01.11,20:00:00,1.21208,1.2156,1.2113,1.21483,14867,0,3
2023.01.12,0:00:00,1.21436,1.21651,1.21303,1.21587,10040,0,7
2023.01.12,4:00:00,1.21587,1.21703,1.21525,1.21559,7645,0,4
2023.01.12,8:00:00,1.21559,1.21819,1.21335,1.2177,16610,0,1
2023.01.12,12:00:00,1.2177,1.22424,1.21026,1.22361,29893,0,1
2023.01.12,16:00:00,1.22365,1.224,1.20882,1.22285,50471,0,1
2023.01.12,20:00:00,1.22286,1.22466,1.22056,1.22079,19761,0,4
2023.01.13,0:00:00,1.22069,1.22325,1.2194,1.22184,10350,0,7
2023.01.13,4:00:00,1.22184,1.22187,1.21759,1.2181,12473,0,4
2023.01.13,8:00:00,1.21812,1.22484,1.21806,1.2228,22857,0,1
2023.01.13,12:00:00,1.22279,1.2241,1.21588,1.21673,21866,0,0
2023.01.13,16:00:00,1.21674,1.2222,1.21507,1.22091,33577,0,1
2023.01.13,20:00:00,1.22092,1.22395,1.22037,1.22351,12248,0,4
2023.01.16,0:00:00,1.221,1.22763,1.21962,1.22711,10582,0,7
2023.01.16,4:00:00,1.22713,1.2289,1.22547,1.22632,9863,0,4
2023.01.16,8:00:00,1.22633,1.22642,1.21716,1.22003,20849,0,1
2023.01.16,12:00:00,1.22003,1.22255,1.21803,1.21929,18797,0,1
2023.01.16,16:00:00,1.2193,1.22114,1.21893,1.21907,15924,0,1
2023.01.16,20:00:00,1.21908,1.21988,1.21828,1.21917,5993,0,0
2023.01.17,0:00:00,1.21901,1.22129,1.21784,1.21878,12206,0,7
2023.01.17,4:00:00,1.21878,1.22058,1.21718,1.22009,12361,0,4
2023.01.17,8:00:00,1.22009,1.22299,1.21693,1.22085,23401,0,1
2023.01.17,12:00:00,1.22087,1.22728,1.21919,1.22518,27465,0,1
2023.01.17,16:00:00,1.2252,1.23,1.22462,1.22622,36394,0,1
2023.01.17,20:00:00,1.22622,1.22918,1.22584,1.22875,13703,0,4
2023.01.18,0:00:00,1.22862,1.22917,1.22647,1.22845,7844,0,5
2023.01.18,4:00:00,1.22844,1.229,1.22538,1.22823,19517,0,1
2023.01.18,8:00:00,1.22823,1.23634,1.22819,1.23592,30096,0,1
2023.01.18,12:00:00,1.23592,1.24217,1.23375,1.2395,29558,0,1
2023.01.18,16:00:00,1.23949,1.24359,1.23313,1.23455,40701,0,1
2023.01.18,20:00:00,1.23455,1.23511,1.23272,1.23467,14899,0,4
2023.01.19,0:00:00,1.23467,1.23502,1.23185,1.23362,9877,0,7
2023.01.19,4:00:00,1.23364,1.23452,1.23198,1.23309,10680,0,4
2023.01.19,8:00:00,1.23308,1.23496,1.2313,1.23369,21873,0,1
2023.01.19,12:00:00,1.23371,1.23589,1.23155,1.23493,25825,0,1
2023.01.19,16:00:00,1.23489,1.23776,1.23363,1.23724,30656,0,1
2023.01.19,20:00:00,1.23726,1.23973,1.23659,1.23882,14632,0,4
2023.01.20,0:00:00,1.2388,1.23979,1.23767,1.2385,6094,0,7
2023.01.20,4:00:00,1.23849,1.23938,1.23649,1.23788,8074,0,4
2023.01.20,8:00:00,1.23789,1.23826,1.23382,1.23412,18798,0,1
2023.01.20,12:00:00,1.23411,1.23711,1.23353,1.23413,20265,0,1
2023.01.20,16:00:00,1.23413,1.23955,1.23363,1.23864,27333,0,1
2023.01.20,20:00:00,1.23862,1.24041,1.23733,1.23993,12265,0,4
2023.01.23,0:00:00,1.23978,1.24335,1.23963,1.2426,8269,0,7
2023.01.23,4:00:00,1.24259,1.24477,1.24139,1.24139,7848,0,1
2023.01.23,8:00:00,1.24139,1.24319,1.23942,1.24065,18733,0,1
2023.01.23,12:00:00,1.24065,1.24091,1.23353,1.23457,20407,0,1
2023.01.23,16:00:00,1.23456,1.23875,1.23234,1.23686,25410,0,1
2023.01.23,20:00:00,1.23686,1.23877,1.23558,1.23758,13174,0,2
2023.01.24,0:00:00,1.23742,1.23902,1.23712,1.2388,5958,0,7
2023.01.24,4:00:00,1.23879,1.23942,1.23745,1.23867,5765,0,4
2023.01.24,8:00:00,1.23867,1.24138,1.2308,1.23304,16864,0,1
2023.01.24,12:00:00,1.23303,1.23353,1.22817,1.22921,20504,0,1
2023.01.24,16:00:00,1.22914,1.23399,1.2263,1.23259,32370,0,1
2023.01.24,20:00:00,1.23259,1.23419,1.23222,1.23343,11005,0,3
2023.01.25,0:00:00,1.23282,1.23384,1.23112,1.23261,11635,0,7
2023.01.25,4:00:00,1.23259,1.23369,1.2316,1.2322,7480,0,4
2023.01.25,8:00:00,1.23219,1.23388,1.23041,1.231,14990,0,1
2023.01.25,12:00:00,1.231,1.23363,1.2283,1.23153,14682,0,1
2023.01.25,16:00:00,1.23152,1.23996,1.23104,1.2382,26396,0,1
2023.01.25,20:00:00,1.23821,1.24039,1.23806,1.23995,8801,0,4
2023.01.26,0:00:00,1.23974,1.24181,1.2392,1.24098,6186,0,7
2023.01.26,4:00:00,1.24099,1.24106,1.23894,1.24008,6391,0,1
2023.01.26,8:00:00,1.24006,1.24302,1.2374,1.23845,16192,0,1
2023.01.26,12:00:00,1.23845,1.24067,1.23614,1.23926,17102,0,1
2023.01.26,16:00:00,1.23925,1.24192,1.23445,1.23748,27890,0,1
2023.01.26,20:00:00,1.23749,1.2416,1.23738,1.24078,8117,0,3
2023.01.27,0:00:00,1.24082,1.24184,1.23811,1.24036,6285,0,6
2023.01.27,4:00:00,1.24036,1.24039,1.23769,1.23813,5711,0,0
2023.01.27,8:00:00,1.23814,1.23895,1.23594,1.23706,12562,0,1
2023.01.27,12:00:00,1.23706,1.23915,1.23559,1.23682,13937,0,0
2023.01.27,16:00:00,1.23682,1.2398,1.23453,1.23918,26754,0,1
2023.01.27,20:00:00,1.23918,1.23994,1.23814,1.23976,6409,0,3
2023.01.30,0:00:00,1.23897,1.2404,1.23787,1.23923,5688,0,7
2023.01.30,4:00:00,1.23923,1.24058,1.23833,1.23966,10373,0,1
2023.01.30,8:00:00,1.23966,1.23999,1.23684,1.23926,16044,0,1
2023.01.30,12:00:00,1.23929,1.24173,1.23729,1.23746,15567,0,1
2023.01.30,16:00:00,1.23745,1.23945,1.23599,1.23631,19471,0,0
2023.01.30,20:00:00,1.23625,1.23639,1.2337,1.23495,8679,0,4
2023.01.31,0:00:00,1.23456,1.23707,1.23426,1.23665,6425,0,5
2023.01.31,4:00:00,1.23665,1.23665,1.2331,1.23382,6459,0,4
2023.01.31,8:00:00,1.23383,1.23626,1.23082,1.23255,15544,0,2
2023.01.31,12:00:00,1.23255,1.233,1.22955,1.23214,19138,0,0
2023.01.31,16:00:00,1.23215,1.23285,1.22842,1.23254,25362,0,3
2023.01.31,20:00:00,1.23252,1.23373,1.23138,1.23191,8190,0,0
2023.02.01,0:00:00,1.23151,1.23273,1.23032,1.23101,5933,0,6
2023.02.01,4:00:00,1.23101,1.23195,1.23035,1.23148,3742,0,0
2023.02.01,8:00:00,1.23148,1.2328,1.23089,1.23169,12950,0,0
2023.02.01,12:00:00,1.23169,1.23442,1.23122,1.23396,14109,0,1
2023.02.01,16:00:00,1.23396,1.23467,1.22942,1.23019,22947,0,0
2023.02.01,20:00:00,1.23017,1.23947,1.22724,1.23733,36542,0,3
2023.02.02,0:00:00,1.23718,1.2401,1.23685,1.23779,9312,0,6
2023.02.02,4:00:00,1.23778,1.23956,1.23762,1.23907,7311,0,1
2023.02.02,8:00:00,1.23908,1.23972,1.23307,1.23444,17280,0,1
2023.02.02,12:00:00,1.23445,1.23904,1.22648,1.23009,31307,0,1
2023.02.02,16:00:00,1.23011,1.23259,1.22314,1.22435,33052,0,1
2023.02.02,20:00:00,1.22443,1.22547,1.22214,1.22237,19132,0,4
2023.02.03,0:00:00,1.22236,1.22316,1.22049,1.22178,5566,0,7
2023.02.03,4:00:00,1.22179,1.22197,1.22021,1.22135,6586,0,4
2023.02.03,8:00:00,1.22135,1.22517,1.2183,1.22459,25079,0,1
2023.02.03,12:00:00,1.2246,1.22654,1.21009,1.21276,36693,0,1
2023.02.03,16:00:00,1.21276,1.21478,1.20623,1.20746,54256,0,1
2023.02.03,20:00:00,1.20746,1.20756,1.20471,1.20506,20113,0,3
2023.02.06,0:00:00,1.20297,1.20575,1.20297,1.20416,16106,0,4
2023.02.06,4:00:00,1.20416,1.20678,1.20381,1.20676,20137,0,3
2023.02.06,8:00:00,1.20676,1.207,1.20346,1.20366,29089,0,2
2023.02.06,12:00:00,1.20366,1.20774,1.20215,1.20491,31212,0,1
2023.02.06,16:00:00,1.20489,1.2075,1.20056,1.20115,36199,0,2
2023.02.06,20:00:00,1.20117,1.20388,1.20077,1.20171,16446,0,4
2023.02.07,0:00:00,1.20197,1.20551,1.20158,1.20518,13587,0,5
2023.02.07,4:00:00,1.20518,1.20551,1.20349,1.20486,16072,0,4
2023.02.07,8:00:00,1.20486,1.20574,1.19865,1.20052,31423,0,3
2023.02.07,12:00:00,1.20052,1.20115,1.19611,1.19795,31036,0,2
2023.02.07,16:00:00,1.19795,1.20954,1.19677,1.20847,41092,0,2
2023.02.07,20:00:00,1.20844,1.20906,1.19871,1.20469,37376,0,2
2023.02.08,0:00:00,1.20433,1.20612,1.203,1.20469,17183,0,6
2023.02.08,4:00:00,1.20469,1.20568,1.20399,1.20533,16597,0,3
2023.02.08,8:00:00,1.20533,1.21096,1.20383,1.21052,29598,0,2
2023.02.08,12:00:00,1.21052,1.21083,1.20755,1.20831,24572,0,2
2023.02.08,16:00:00,1.20832,1.20973,1.20544,1.20835,36494,0,3
2023.02.08,20:00:00,1.20836,1.2095,1.20598,1.20698,19617,0,4
2023.02.09,0:00:00,1.20662,1.20764,1.20566,1.20747,20732,0,6
2023.02.09,4:00:00,1.20746,1.20944,1.20736,1.20882,19606,0,2
2023.02.09,8:00:00,1.20883,1.2143,1.20858,1.21409,29155,0,2
2023.02.09,12:00:00,1.21408,1.21924,1.21306,1.21923,27996,0,2
2023.02.09,16:00:00,1.21923,1.21937,1.21308,1.21421,36831,0,3
2023.02.09,20:00:00,1.2142,1.21421,1.2111,1.212,23195,0,4
2023.02.10,0:00:00,1.21175,1.21279,1.21,1.21095,16720,0,6
2023.02.10,4:00:00,1.21096,1.211,1.20893,1.21012,21271,0,3
2023.02.10,8:00:00,1.21012,1.21393,1.20899,1.20997,42639,0,1
2023.02.10,12:00:00,1.20995,1.21222,1.20798,1.21119,31639,0,3
2023.02.10,16:00:00,1.2112,1.21301,1.20485,1.20489,35468,0,1
2023.02.10,20:00:00,1.20488,1.20633,1.2047,1.20578,14632,0,4
2023.02.13,0:00:00,1.2063,1.20647,1.20332,1.20477,14667,0,6
2023.02.13,4:00:00,1.20481,1.20525,1.20395,1.20451,20822,0,3
2023.02.13,8:00:00,1.20451,1.20667,1.20317,1.2038,28059,0,2
2023.02.13,12:00:00,1.20381,1.21151,1.20308,1.20879,24950,0,2
2023.02.13,16:00:00,1.20879,1.21447,1.20809,1.21351,30714,0,2
2023.02.13,20:00:00,1.21352,1.2152,1.21244,1.21381,15534,0,3
2023.02.14,0:00:00,1.21342,1.21522,1.21254,1.21404,17099,0,6
2023.02.14,4:00:00,1.21405,1.21516,1.21337,1.21464,24397,0,3
2023.02.14,8:00:00,1.21464,1.21882,1.21344,1.21881,30563,0,1
2023.02.14,12:00:00,1.21881,1.22703,1.21537,1.22097,37852,0,0
2023.02.14,16:00:00,1.22101,1.22211,1.21171,1.21713,60493,0,2
2023.02.14,20:00:00,1.21713,1.21903,1.21541,1.21729,23409,0,3
2023.02.15,0:00:00,1.21669,1.21814,1.2165,1.21659,19903,0,6
2023.02.15,4:00:00,1.21659,1.21669,1.21441,1.21493,19478,0,3
2023.02.15,8:00:00,1.21494,1.21557,1.2071,1.20963,35824,0,1
2023.02.15,12:00:00,1.20961,1.21009,1.20063,1.2014,35417,0,1
2023.02.15,16:00:00,1.2014,1.20343,1.19894,1.20045,41654,0,2
2023.02.15,20:00:00,1.20046,1.2038,1.19952,1.2032,16032,0,4
2023.02.16,0:00:00,1.20237,1.2044,1.20119,1.20394,17076,0,5
2023.02.16,4:00:00,1.20394,1.20527,1.20372,1.20456,24698,0,2
2023.02.16,8:00:00,1.20457,1.20742,1.20282,1.20547,35781,0,2
2023.02.16,12:00:00,1.20546,1.20688,1.19788,1.19875,32997,0,1
2023.02.16,16:00:00,1.19876,1.2027,1.19652,1.20167,44180,0,2
2023.02.16,20:00:00,1.20166,1.2027,1.19812,1.19907,24426,0,4
2023.02.17,0:00:00,1.19878,1.19938,1.19516,1.19533,17782,0,5
2023.02.17,4:00:00,1.19533,1.19581,1.19413,1.1948,15766,0,3
2023.02.17,8:00:00,1.19479,1.19586,1.19149,1.19425,31933,0,1
2023.02.17,12:00:00,1.19423,1.19739,1.1921,1.19701,31525,0,3
2023.02.17,16:00:00,1.197,1.20369,1.19653,1.20195,43516,0,2
2023.02.17,20:00:00,1.20199,1.20493,1.20167,1.20401,16147,0,4
2023.02.20,0:00:00,1.20227,1.20377,1.20144,1.20188,19119,0,7
2023.02.20,4:00:00,1.20187,1.20448,1.20185,1.20422,24287,0,4
2023.02.20,8:00:00,1.20422,1.20569,1.20185,1.20217,25251,0,4
2023.02.20,12:00:00,1.20217,1.20415,1.20186,1.20377,13686,0,3
2023.02.20,16:00:00,1.20377,1.20428,1.20244,1.20359,13016,0,0
2023.02.20,20:00:00,1.20359,1.20422,1.20345,1.20383,4643,0,3
2023.02.21,0:00:00,1.20369,1.20436,1.20129,1.20257,7767,0,6
2023.02.21,4:00:00,1.20258,1.20362,1.20167,1.20301,8920,0,4
2023.02.21,8:00:00,1.20301,1.2114,1.1986,1.20918,31367,0,1
2023.02.21,12:00:00,1.20918,1.21299,1.20754,1.20995,31325,0,1
2023.02.21,16:00:00,1.20996,1.21476,1.20616,1.21274,40152,0,1
2023.02.21,20:00:00,1.21279,1.21284,1.2097,1.21112,14738,0,4
2023.02.22,0:00:00,1.21115,1.21353,1.21033,1.21207,9434,0,7
2023.02.22,4:00:00,1.21207,1.2125,1.2098,1.21062,6196,0,2
2023.02.22,8:00:00,1.21062,1.21286,1.2065,1.20777,24137,0,1
2023.02.22,12:00:00,1.20774,1.21204,1.20631,1.21048,28161,0,3
2023.02.22,16:00:00,1.21045,1.21134,1.20552,1.20737,34515,0,4
2023.02.22,20:00:00,1.20736,1.20824,1.20344,1.20456,22567,0,4
2023.02.23,0:00:00,1.20437,1.20604,1.20358,1.20568,4753,0,6
2023.02.23,4:00:00,1.2057,1.20679,1.20523,1.20606,6362,0,4
2023.02.23,8:00:00,1.20606,1.20749,1.2014,1.20304,23870,0,1
2023.02.23,12:00:00,1.20305,1.20631,1.20192,1.20346,28244,0,1
2023.02.23,16:00:00,1.20346,1.20695,1.19921,1.19984,39066,0,3
2023.02.23,20:00:00,1.19987,1.20319,1.19958,1.20135,14555,0,4
2023.02.24,0:00:00,1.20105,1.20328,1.20071,1.20161,11817,0,7
2023.02.24,4:00:00,1.20161,1.2031,1.20125,1.20229,10062,0,4
2023.02.24,8:00:00,1.20229,1.20421,1.20002,1.20237,22981,0,2
2023.02.24,12:00:00,1.20236,1.20305,1.19463,1.19647,32100,0,1
2023.02.24,16:00:00,1.19647,1.19665,1.19283,1.19457,42442,0,1
2023.02.24,20:00:00,1.19457,1.19546,1.19387,1.19392,14538,0,4
2023.02.27,0:00:00,1.195,1.19627,1.19403,1.19625,6532,0,7
2023.02.27,4:00:00,1.19617,1.1964,1.19346,1.19381,8935,0,4
2023.02.27,8:00:00,1.1938,1.19847,1.19226,1.19738,25419,0,3
2023.02.27,12:00:00,1.19738,1.20238,1.19642,1.20203,22385,0,1
2023.02.27,16:00:00,1.20203,1.20603,1.20144,1.20592,29445,0,2
2023.02.27,20:00:00,1.20595,1.20658,1.20479,1.20619,11290,0,4
2023.02.28,0:00:00,1.20615,1.2068,1.20401,1.20529,7752,0,6
2023.02.28,4:00:00,1.2053,1.20626,1.20382,1.20402,9200,0,4
2023.02.28,8:00:00,1.20401,1.20977,1.20271,1.20744,26145,0,3
2023.02.28,12:00:00,1.20744,1.21283,1.20728,1.21223,24835,0,1
2023.02.28,16:00:00,1.21223,1.21431,1.208,1.20997,38132,0,1
2023.02.28,20:00:00,1.20997,1.2102,1.20209,1.20214,14336,0,4
2023.03.01,0:00:00,1.20215,1.2041,1.19857,1.20336,14357,0,7
2023.03.01,4:00:00,1.20337,1.20471,1.20161,1.20405,8409,0,4
2023.03.01,8:00:00,1.20406,1.2089,1.20391,1.20679,28892,0,1
2023.03.01,12:00:00,1.20678,1.2075,1.20077,1.20085,33209,0,1
2023.03.01,16:00:00,1.20084,1.20449,1.1965,1.20228,43434,0,1
2023.03.01,20:00:00,1.20224,1.20274,1.19931,1.20257,13763,0,4
2023.03.02,0:00:00,1.20256,1.20362,1.19981,1.20092,8090,0,7
2023.03.02,4:00:00,1.20093,1.20166,1.19843,1.19882,9913,0,4
2023.03.02,8:00:00,1.19882,1.20096,1.19555,1.19732,27119,0,2
2023.03.02,12:00:00,1.1973,1.19879,1.19251,1.19288,31098,0,1
2023.03.02,16:00:00,1.19284,1.19628,1.19254,1.19335,33175,0,3
2023.03.02,20:00:00,1.19336,1.19576,1.19249,1.19478,15861,0,4
2023.03.03,0:00:00,1.19472,1.1975,1.19319,1.19625,6611,0,7
2023.03.03,4:00:00,1.19624,1.19767,1.19577,1.19646,8649,0,4
2023.03.03,8:00:00,1.19647,1.19987,1.19647,1.19856,24329,0,1
2023.03.03,12:00:00,1.19855,1.20189,1.19743,1.20081,25857,0,4
2023.03.03,16:00:00,1.20083,1.20175,1.19621,1.201,34478,0,1
2023.03.03,20:00:00,1.20101,1.20484,1.20081,1.20435,12287,0,3
2023.03.06,0:00:00,1.20207,1.20391,1.20179,1.20353,7226,0,7
2023.03.06,4:00:00,1.20349,1.20479,1.2025,1.20361,7188,0,4
2023.03.06,8:00:00,1.20364,1.20456,1.20221,1.20284,18173,0,4
2023.03.06,12:00:00,1.20284,1.20315,1.19927,1.20111,18226,0,3
2023.03.06,16:00:00,1.2011,1.20489,1.19992,1.20408,23803,0,2
2023.03.06,20:00:00,1.20408,1.20408,1.20135,1.20262,8999,0,4
2023.03.07,0:00:00,1.20245,1.20422,1.20068,1.2038,4000,0,7
2023.03.07,4:00:00,1.2038,1.20479,1.20327,1.20367,8587,0,4
2023.03.07,8:00:00,1.20367,1.20653,1.20052,1.20124,22743,0,0
2023.03.07,12:00:00,1.20128,1.20164,1.19757,1.19806,23298,0,2
2023.03.07,16:00:00,1.19807,1.19866,1.18455,1.18494,48717,0,1
2023.03.07,20:00:00,1.18494,1.18586,1.18212,1.18266,13835,0,4
2023.03.08,0:00:00,1.18249,1.18361,1.18149,1.18285,6530,0,7
2023.03.08,4:00:00,1.18284,1.18316,1.18098,1.18212,8379,0,4
2023.03.08,8:00:00,1.18212,1.18419,1.18152,1.18328,19998,0,3
2023.03.08,12:00:00,1.18328,1.18487,1.18186,1.18233,16462,0,0
2023.03.08,16:00:00,1.18232,1.18591,1.1803,1.18312,24732,0,1
2023.03.08,20:00:00,1.18311,1.18499,1.18252,1.18429,7260,0,2
2023.03.09,0:00:00,1.18428,1.18544,1.18238,1.18369,4709,0,2
2023.03.09,4:00:00,1.18369,1.18659,1.18358,1.18544,3778,0,0
2023.03.09,8:00:00,1.18544,1.1889,1.18381,1.18695,12362,0,0
2023.03.09,12:00:00,1.18694,1.19115,1.18658,1.19101,22525,0,1
2023.03.09,16:00:00,1.191,1.19363,1.19019,1.19249,25862,0,3
2023.03.09,20:00:00,1.19247,1.19388,1.19033,1.19217,15899,0,4
2023.03.10,0:00:00,1.19213,1.19331,1.19135,1.19246,7119,0,3
2023.03.10,4:00:00,1.19246,1.19321,1.19075,1.1924,12523,0,4
2023.03.10,8:00:00,1.1924,1.20092,1.19196,1.19881,25663,0,1
2023.03.10,12:00:00,1.19881,1.20457,1.19701,1.20183,36239,0,1
2023.03.10,16:00:00,1.20183,1.21136,1.20071,1.20596,62458,0,2
2023.03.10,20:00:00,1.20597,1.20653,1.20176,1.20311,26238,0,4
2023.03.13,0:00:00,1.20868,1.21035,1.20544,1.20588,34917,0,7
2023.03.13,4:00:00,1.20589,1.21408,1.20589,1.21112,34413,0,4
2023.03.13,8:00:00,1.21111,1.21245,1.20668,1.2076,51345,0,2
2023.03.13,12:00:00,1.2076,1.21326,1.20465,1.2096,67709,0,2
2023.03.13,16:00:00,1.20956,1.21869,1.20931,1.21749,57562,0,2
2023.03.13,20:00:00,1.21751,1.21997,1.21656,1.21819,26632,0,3
2023.03.14,0:00:00,1.2186,1.21885,1.21462,1.2151,25377,0,7
2023.03.14,4:00:00,1.2151,1.21628,1.21447,1.21592,27625,0,4
2023.03.14,8:00:00,1.21592,1.21833,1.21409,1.2155,47844,0,1
2023.03.14,12:00:00,1.21549,1.22041,1.21416,1.21642,53802,0,1
2023.03.14,16:00:00,1.21643,1.21781,1.21355,1.21686,44278,0,2
2023.03.14,20:00:00,1.21685,1.21846,1.21488,1.21518,22658,0,4
2023.03.15,0:00:00,1.21518,1.21644,1.21465,1.21643,25181,0,7
2023.03.15,4:00:00,1.21643,1.21815,1.21511,1.21561,23847,0,4
2023.03.15,8:00:00,1.21561,1.21644,1.21099,1.21142,39288,0,2
2023.03.15,12:00:00,1.21143,1.21286,1.2042,1.20492,70166,0,1
2023.03.15,16:00:00,1.20498,1.20741,1.20103,1.20556,51435,0,1
2023.03.15,20:00:00,1.20554,1.20854,1.20371,1.20412,26690,0,4
2023.03.16,0:00:00,1.20411,1.20818,1.20411,1.20666,31228,0,7
2023.03.16,4:00:00,1.20666,1.20868,1.20609,1.20728,23345,0,3
2023.03.16,8:00:00,1.20728,1.21131,1.20585,1.20753,36377,0,1
2023.03.16,12:00:00,1.20754,1.20938,1.20271,1.2087,45369,0,1
2023.03.16,16:00:00,1.2087,1.21204,1.20614,1.21061,54432,0,1
2023.03.16,20:00:00,1.21061,1.21277,1.20988,1.21062,19014,0,4
2023.03.17,0:00:00,1.21062,1.21319,1.21018,1.21255,17531,0,7
2023.03.17,4:00:00,1.21255,1.21596,1.21246,1.21589,19761,0,3
2023.03.17,8:00:00,1.21589,1.21765,1.21279,1.21307,34014,0,3
2023.03.17,12:00:00,1.21307,1.21486,1.2113,1.21446,33499,0,1
2023.03.17,16:00:00,1.21448,1.21853,1.21354,1.21853,38842,0,1
2023.03.17,20:00:00,1.21851,1.22006,1.21685,1.21761,13013,0,0
2023.03.20,0:00:00,1.22033,1.22033,1.21686,1.21779,22175,0,7
2023.03.20,4:00:00,1.21779,1.21924,1.2171,1.21899,20803,0,4
2023.03.20,8:00:00,1.21899,1.22144,1.2167,1.21925,41362,0,2
2023.03.20,12:00:00,1.21925,1.22628,1.21883,1.22577,29967,0,0
2023.03.20,16:00:00,1.22577,1.22796,1.22415,1.22676,19159,0,2
2023.03.20,20:00:00,1.22675,1.22849,1.22623,1.22729,12071,0,2
2023.03.21,0:00:00,1.22729,1.22824,1.22651,1.22666,20634,0,7
2023.03.21,4:00:00,1.22667,1.22685,1.22482,1.22597,12938,0,1
2023.03.21,8:00:00,1.22596,1.22626,1.22288,1.22529,27002,0,3
2023.03.21,12:00:00,1.22531,1.22588,1.22227,1.22369,23190,0,3
2023.03.21,16:00:00,1.22368,1.22427,1.21786,1.22024,21692,0,3
2023.03.21,20:00:00,1.22024,1.22207,1.21989,1.22178,7431,0,0
2023.03.22,0:00:00,1.22143,1.22274,1.22083,1.22183,17207,0,7
2023.03.22,4:00:00,1.22183,1.22398,1.22182,1.22287,21898,0,2
2023.03.22,8:00:00,1.22287,1.22975,1.22241,1.22809,26482,0,1
2023.03.22,12:00:00,1.22811,1.22943,1.22296,1.22363,20491,0,3
2023.03.22,16:00:00,1.22362,1.22537,1.22211,1.22455,13626,0,0
2023.03.22,20:00:00,1.22664,1.23353,1.2232,1.22643,36246,0,1
2023.03.23,0:00:00,1.22643,1.2293,1.22616,1.22881,18730,0,7
2023.03.23,4:00:00,1.22883,1.23329,1.22847,1.23242,15152,0,1
2023.03.23,8:00:00,1.23243,1.23435,1.23046,1.23154,31243,0,3
2023.03.23,12:00:00,1.23154,1.23377,1.22649,1.23144,30224,0,1
2023.03.23,16:00:00,1.23146,1.233,1.22916,1.23002,23049,0,1
2023.03.23,20:00:00,1.23001,1.23062,1.22612,1.22881,21070,0,4
2023.03.24,0:00:00,1.22884,1.2292,1.22614,1.2264,21511,0,7
2023.03.24,4:00:00,1.2264,1.22887,1.22628,1.22856,22611,0,4
2023.03.24,8:00:00,1.22856,1.22882,1.22109,1.22128,35465,0,1
2023.03.24,12:00:00,1.22133,1.22296,1.21902,1.22106,40227,0,1
2023.03.24,16:00:00,1.22105,1.22318,1.22074,1.22287,26060,0,2
2023.03.24,20:00:00,1.22288,1.22344,1.22195,1.22307,6874,0,2
2023.03.27,0:00:00,1.22265,1.22499,1.22205,1.22307,11683,0,7
2023.03.27,4:00:00,1.22308,1.22511,1.22301,1.22378,24640,0,4
2023.03.27,8:00:00,1.22377,1.22658,1.22191,1.22627,29839,0,3
2023.03.27,12:00:00,1.22625,1.22732,1.22412,1.22436,23797,0,2
2023.03.27,16:00:00,1.22436,1.22932,1.224,1.2283,25252,0,3
2023.03.27,20:00:00,1.22828,1.22929,1.2272,1.22878,12605,0,2
2023.03.28,0:00:00,1.22865,1.23147,1.22751,1.23097,14873,0,7
2023.03.28,4:00:00,1.23098,1.23212,1.23066,1.23154,22098,0,4
2023.03.28,8:00:00,1.23155,1.23301,1.22891,1.22958,26164,0,3
2023.03.28,12:00:00,1.22957,1.23288,1.22807,1.23137,25892,0,2
2023.03.28,16:00:00,1.23136,1.23492,1.22995,1.23438,24060,0,2
2023.03.28,20:00:00,1.23445,1.2348,1.23293,1.23385,9714,0,0
2023.03.29,0:00:00,1.23388,1.23415,1.23278,1.23363,10952,0,2
2023.03.29,4:00:00,1.23364,1.23408,1.23206,1.23292,19968,0,4
2023.03.29,8:00:00,1.2329,1.23317,1.23046,1.23253,28955,0,2
2023.03.29,12:00:00,1.23254,1.23616,1.23176,1.23315,28233,0,0
2023.03.29,16:00:00,1.23316,1.23404,1.23025,1.23087,31062,0,0
2023.03.29,20:00:00,1.2309,1.23228,1.23047,1.23166,11703,0,4
2023.03.30,0:00:00,1.23136,1.23178,1.23012,1.23044,6590,0,7
2023.03.30,4:00:00,1.23045,1.23116,1.22935,1.23116,17578,0,0
2023.03.30,8:00:00,1.23116,1.23632,1.23085,1.2355,27985,0,0
2023.03.30,12:00:00,1.2355,1.23803,1.23287,1.2378,22776,0,1
2023.03.30,16:00:00,1.23781,1.23863,1.23574,1.2386,24246,0,0
2023.03.30,20:00:00,1.23863,1.23929,1.2376,1.23872,8924,0,0
2023.03.31,0:00:00,1.23866,1.23992,1.23761,1.23989,9157,0,7
2023.03.31,4:00:00,1.23988,1.24227,1.23892,1.23952,16695,0,0
2023.03.31,8:00:00,1.23951,1.23997,1.23535,1.23661,26014,0,0
2023.03.31,12:00:00,1.2366,1.23961,1.236,1.23909,23578,0,1
2023.03.31,16:00:00,1.2391,1.23973,1.23411,1.23479,25691,0,1
2023.03.31,20:00:00,1.23479,1.23482,1.23243,1.23308,11254,0,4
2023.04.03,0:00:00,1.23247,1.23324,1.22817,1.23065,15942,0,6
2023.04.03,4:00:00,1.23064,1.23075,1.22757,1.2281,23384,0,4
2023.04.03,8:00:00,1.2281,1.23348,1.22745,1.23326,23474,0,2
2023.04.03,12:00:00,1.23326,1.23932,1.23317,1.23858,21054,0,3
2023.04.03,16:00:00,1.23858,1.24207,1.23779,1.23964,27434,0,1
2023.04.03,20:00:00,1.23964,1.24233,1.2387,1.24172,11191,0,0
2023.04.04,0:00:00,1.24165,1.2425,1.24003,1.24107,9807,0,6
2023.04.04,4:00:00,1.24107,1.24146,1.23986,1.24103,17993,0,2
2023.04.04,8:00:00,1.24102,1.24812,1.2395,1.24751,26129,0,1
2023.04.04,12:00:00,1.24751,1.25213,1.24658,1.2471,23337,0,1
2023.04.04,16:00:00,1.24711,1.25253,1.24706,1.24942,32157,0,0
2023.04.04,20:00:00,1.24942,1.2502,1.24889,1.2501,8504,0,0
2023.04.05,0:00:00,1.24981,1.25104,1.24831,1.24854,6875,0,6
2023.04.05,4:00:00,1.24854,1.25055,1.24838,1.24849,16472,0,4
2023.04.05,8:00:00,1.24849,1.25144,1.247,1.2488,25589,0,3
2023.04.05,12:00:00,1.2488,1.24942,1.24555,1.24896,26579,0,1
2023.04.05,16:00:00,1.24897,1.25105,1.24326,1.24522,32446,0,1
2023.04.05,20:00:00,1.24523,1.24663,1.24465,1.24595,8610,0,2
2023.04.06,0:00:00,1.24594,1.24666,1.24478,1.24481,5648,0,7
2023.04.06,4:00:00,1.24481,1.24487,1.24368,1.2446,9797,0,0
2023.04.06,8:00:00,1.24461,1.24868,1.24422,1.24684,23246,0,3
2023.04.06,12:00:00,1.24684,1.24818,1.24276,1.24318,22038,0,1
2023.04.06,16:00:00,1.24317,1.24672,1.24126,1.24624,25667,0,0
2023.04.06,20:00:00,1.24624,1.2467,1.2437,1.24379,10473,0,1
2023.04.07,0:00:00,1.24369,1.24449,1.24319,1.24373,9246,0,1
2023.04.07,4:00:00,1.24373,1.24515,1.24368,1.24478,16796,0,2
2023.04.07,8:00:00,1.24477,1.24559,1.24287,1.24404,10430,0,1
2023.04.07,12:00:00,1.24403,1.24454,1.2389,1.24162,13159,0,0
2023.04.07,16:00:00,1.24159,1.24262,1.23997,1.24176,21814,0,1
2023.04.07,20:00:00,1.24176,1.24331,1.241,1.24164,7559,0,1
2023.04.10,0:00:00,1.2413,1.24339,1.24077,1.24166,9222,0,7
2023.04.10,4:00:00,1.24166,1.24215,1.24039,1.24057,16371,0,1
2023.04.10,8:00:00,1.24057,1.2434,1.23968,1.24285,15495,0,3
2023.04.10,12:00:00,1.24284,1.24424,1.23495,1.23517,21430,0,0
2023.04.10,16:00:00,1.23516,1.23799,1.23443,1.23752,16685,0,2
2023.04.10,20:00:00,1.23753,1.23848,1.23718,1.23824,9274,0,1
2023.04.11,0:00:00,1.23809,1.24034,1.23769,1.23983,9483,0,4
2023.04.11,4:00:00,1.23981,1.24132,1.23865,1.24036,19465,0,0
2023.04.11,8:00:00,1.24037,1.24455,1.24035,1.24353,29756,0,2
2023.04.11,12:00:00,1.24353,1.24564,1.24175,1.24316,25846,0,1
2023.04.11,16:00:00,1.24316,1.24404,1.24053,1.24089,23284,0,0
2023.04.11,20:00:00,1.24088,1.24291,1.24071,1.24257,7957,0,3
2023.04.12,0:00:00,1.24237,1.24314,1.24204,1.24292,6145,0,2
2023.04.12,4:00:00,1.24292,1.24401,1.24265,1.24371,11310,0,0
2023.04.12,8:00:00,1.24372,1.24462,1.24084,1.24183,20307,0,3
2023.04.12,12:00:00,1.24179,1.24704,1.23982,1.24465,21561,0,1
2023.04.12,16:00:00,1.24465,1.24845,1.24381,1.24842,16122,0,4
2023.04.12,20:00:00,1.24842,1.24952,1.24776,1.24844,6478,0,2
2023.04.13,0:00:00,1.24824,1.24951,1.24759,1.24923,2997,0,1
2023.04.13,4:00:00,1.24923,1.24959,1.24847,1.24894,4835,0,0
2023.04.13,8:00:00,1.24894,1.25204,1.24783,1.252,20650,0,0
2023.04.13,12:00:00,1.252,1.25353,1.25008,1.25313,27303,0,0
2023.04.13,16:00:00,1.25314,1.25375,1.25003,1.25289,27446,0,2
2023.04.13,20:00:00,1.2529,1.25354,1.25205,1.25237,11260,0,2
2023.04.14,0:00:00,1.25213,1.25282,1.25109,1.25204,8100,0,3
2023.04.14,4:00:00,1.25204,1.25461,1.252,1.25405,17268,0,4
2023.04.14,8:00:00,1.25406,1.2542,1.25021,1.25037,19293,0,3
2023.04.14,12:00:00,1.25037,1.25251,1.24632,1.24858,25092,0,1
2023.04.14,16:00:00,1.2486,1.24916,1.23991,1.24051,35882,0,1
2023.04.14,20:00:00,1.24052,1.24187,1.24027,1.24137,11850,0,4
2023.04.17,0:00:00,1.24022,1.24188,1.23907,1.2391,5177,0,6
2023.04.17,4:00:00,1.23912,1.24122,1.2383,1.2412,13034,0,0
2023.04.17,8:00:00,1.2412,1.24283,1.2374,1.23774,24713,0,3
2023.04.17,12:00:00,1.23772,1.24383,1.23742,1.24098,26627,0,1
2023.04.17,16:00:00,1.24098,1.24163,1.23532,1.23561,31296,0,2
2023.04.17,20:00:00,1.23562,1.23786,1.23557,1.23769,8315,0,4
2023.04.18,0:00:00,1.23757,1.23795,1.23602,1.23729,5035,0,6
2023.04.18,4:00:00,1.23728,1.23878,1.23675,1.23839,13705,0,4
2023.04.18,8:00:00,1.23839,1.24431,1.23813,1.24381,23764,0,1
2023.04.18,12:00:00,1.24382,1.24499,1.24254,1.24291,23049,0,2
2023.04.18,16:00:00,1.24291,1.2443,1.24122,1.24286,23502,0,2
2023.04.18,20:00:00,1.24287,1.24319,1.24232,1.24254,8375,0,4
2023.04.19,0:00:00,1.24231,1.24321,1.24223,1.24311,4432,0,3
2023.04.19,4:00:00,1.2431,1.24342,1.24092,1.24186,9115,0,0
2023.04.19,8:00:00,1.24186,1.24725,1.24021,1.24359,30208,0,1
2023.04.19,12:00:00,1.24358,1.24493,1.23922,1.24403,26130,0,2
2023.04.19,16:00:00,1.24404,1.24742,1.24342,1.24521,22122,0,2
2023.04.19,20:00:00,1.24522,1.24544,1.24347,1.24375,9312,0,3
2023.04.20,0:00:00,1.24384,1.24412,1.24245,1.2427,4841,0,3
2023.04.20,4:00:00,1.2427,1.24349,1.24202,1.24295,10536,0,3
2023.04.20,8:00:00,1.24296,1.24524,1.24154,1.24431,25173,0,2
2023.04.20,12:00:00,1.24431,1.24607,1.24046,1.24544,24826,0,1
2023.04.20,16:00:00,1.24543,1.24677,1.24414,1.24489,25018,0,2
2023.04.20,20:00:00,1.24491,1.24526,1.24293,1.24432,10015,0,4
2023.04.21,0:00:00,1.24414,1.24436,1.24293,1.24413,5492,0,4
2023.04.21,4:00:00,1.24413,1.24461,1.24306,1.24325,8879,0,4
2023.04.21,8:00:00,1.24325,1.24339,1.23778,1.24,23707,0,1
2023.04.21,12:00:00,1.24,1.24135,1.23771,1.24135,20945,0,3
2023.04.21,16:00:00,1.24132,1.24314,1.23668,1.24302,29405,0,1
2023.04.21,20:00:00,1.24301,1.24481,1.24224,1.24436,9476,0,3
2023.04.24,0:00:00,1.24384,1.24517,1.24349,1.24481,4610,0,4
2023.04.24,4:00:00,1.24481,1.24501,1.24311,1.24352,12620,0,3
2023.04.24,8:00:00,1.24352,1.24528,1.24106,1.24516,23558,0,2
2023.04.24,12:00:00,1.24515,1.24591,1.24263,1.24536,22545,0,2
2023.04.24,16:00:00,1.24535,1.24696,1.24328,1.24672,22996,0,2
2023.04.24,20:00:00,1.24674,1.24855,1.24653,1.24836,6759,0,3
2023.04.25,0:00:00,1.24847,1.25068,1.24696,1.24972,5189,0,1
2023.04.25,4:00:00,1.24973,1.25066,1.24807,1.2482,10592,0,3
2023.04.25,8:00:00,1.24819,1.24912,1.24559,1.24741,26436,0,2
2023.04.25,12:00:00,1.24741,1.24792,1.24204,1.24244,22589,0,2
2023.04.25,16:00:00,1.24247,1.24274,1.23866,1.23994,26521,0,2
2023.04.25,20:00:00,1.23993,1.24138,1.23948,1.24109,12791,0,3
2023.04.26,0:00:00,1.24082,1.24181,1.24011,1.24112,7120,0,5
2023.04.26,4:00:00,1.24111,1.24255,1.24024,1.24244,14201,0,4
2023.04.26,8:00:00,1.24245,1.24789,1.24215,1.24789,24396,0,2
2023.04.26,12:00:00,1.2479,1.24909,1.246,1.24727,30057,0,1
2023.04.26,16:00:00,1.24727,1.25154,1.24593,1.24675,31325,0,2
2023.04.26,20:00:00,1.24675,1.24749,1.24538,1.24697,11713,0,4
2023.04.27,0:00:00,1.24667,1.24736,1.24547,1.24707,6590,0,4
2023.04.27,4:00:00,1.24707,1.24777,1.24628,1.24748,15405,0,4
2023.04.27,8:00:00,1.24748,1.24884,1.24564,1.24725,26074,0,0
2023.04.27,12:00:00,1.24726,1.25,1.2436,1.24485,28730,0,1
2023.04.27,16:00:00,1.24491,1.24938,1.24413,1.24657,30073,0,0
2023.04.27,20:00:00,1.24658,1.24996,1.24615,1.24987,12058,0,4
2023.04.28,0:00:00,1.24963,1.24999,1.24595,1.24964,8005,0,6
2023.04.28,4:00:00,1.24964,1.25038,1.24781,1.24825,19582,0,2
2023.04.28,8:00:00,1.24824,1.24938,1.24498,1.24554,33227,0,2
2023.04.28,12:00:00,1.24553,1.24909,1.24464,1.24873,29318,0,1
2023.04.28,16:00:00,1.24875,1.25838,1.24853,1.25744,35275,0,1
2023.04.28,20:00:00,1.25745,1.25753,1.25574,1.25675,10880,0,3
2023.05.01,0:00:00,1.2555,1.25699,1.25501,1.25585,8541,0,7
2023.05.01,4:00:00,1.25586,1.2569,1.25535,1.25577,11957,0,4
2023.05.01,8:00:00,1.25577,1.25577,1.25175,1.2518,15869,0,3
2023.05.01,12:00:00,1.25181,1.25575,1.25142,1.25556,15823,0,2
2023.05.01,16:00:00,1.25556,1.25597,1.24804,1.24929,28280,0,1
2023.05.01,20:00:00,1.24929,1.24958,1.24836,1.24934,12168,0,4
2023.05.02,0:00:00,1.24937,1.24975,1.24833,1.24923,6714,0,6
2023.05.02,4:00:00,1.24923,1.2512,1.24917,1.24963,15000,0,4
2023.05.02,8:00:00,1.24964,1.25118,1.24631,1.24706,27722,0,1
2023.05.02,12:00:00,1.24707,1.24845,1.24534,1.24584,24997,0,2
2023.05.02,16:00:00,1.24583,1.24895,1.24357,1.24783,35501,0,1
2023.05.02,20:00:00,1.24783,1.24786,1.24669,1.24679,9919,0,3
2023.05.03,0:00:00,1.24663,1.24838,1.24599,1.24817,7600,0,6
2023.05.03,4:00:00,1.24817,1.24932,1.24765,1.24876,10620,0,4
2023.05.03,8:00:00,1.24879,1.25336,1.24814,1.25211,20415,0,2
2023.05.03,12:00:00,1.2521,1.25281,1.24853,1.2497,22207,0,1
2023.05.03,16:00:00,1.24973,1.25548,1.24946,1.25509,23728,0,1
2023.05.03,20:00:00,1.25509,1.25899,1.25378,1.25634,29790,0,4
2023.05.04,0:00:00,1.2563,1.25921,1.25385,1.25768,10709,0,7
2023.05.04,4:00:00,1.25769,1.25908,1.25722,1.25826,14496,0,4
2023.05.04,8:00:00,1.25826,1.25933,1.25561,1.25582,25123,0,1
2023.05.04,12:00:00,1.25582,1.25858,1.2549,1.25519,29597,0,1
2023.05.04,16:00:00,1.25519,1.25986,1.25481,1.25953,42699,0,2
2023.05.04,20:00:00,1.25952,1.25973,1.25695,1.25723,11815,0,4
2023.05.05,0:00:00,1.25711,1.25876,1.25617,1.25842,6426,0,6
2023.05.05,4:00:00,1.25842,1.26141,1.2582,1.26068,9369,0,4
2023.05.05,8:00:00,1.26068,1.26342,1.25973,1.26076,17181,0,2
2023.05.05,12:00:00,1.26076,1.26176,1.256,1.25693,21208,0,1
2023.05.05,16:00:00,1.25694,1.26526,1.25685,1.26472,29486,0,2
2023.05.05,20:00:00,1.26471,1.26475,1.26279,1.2631,10424,0,4
2023.05.08,0:00:00,1.2629,1.26368,1.26246,1.26342,6540,0,3
2023.05.08,4:00:00,1.26341,1.26538,1.26266,1.26518,11059,0,0
2023.05.08,8:00:00,1.26519,1.26575,1.26316,1.26376,17919,0,3
2023.05.08,12:00:00,1.26376,1.26687,1.26317,1.26467,15584,0,3
2023.05.08,16:00:00,1.26467,1.2655,1.26267,1.26391,16904,0,2
2023.05.08,20:00:00,1.26393,1.26444,1.26129,1.2619,7976,0,4
2023.05.09,0:00:00,1.26168,1.2624,1.26038,1.26092,7386,0,2
2023.05.09,4:00:00,1.26092,1.26185,1.2605,1.26129,10085,0,4
2023.05.09,8:00:00,1.26129,1.26397,1.25966,1.26087,25024,0,2
2023.05.09,12:00:00,1.26087,1.26251,1.25847,1.25863,21889,0,2
2023.05.09,16:00:00,1.25864,1.26233,1.2578,1.26113,25385,0,2
2023.05.09,20:00:00,1.26113,1.26291,1.26097,1.26212,10396,0,3
2023.05.10,0:00:00,1.26197,1.26315,1.26094,1.2628,5533,0,4
2023.05.10,4:00:00,1.26283,1.26345,1.26208,1.26216,7850,0,3
2023.05.10,8:00:00,1.26216,1.26446,1.26113,1.26225,19030,0,0
2023.05.10,12:00:00,1.26225,1.26798,1.26025,1.26734,21123,0,0
2023.05.10,16:00:00,1.26735,1.26775,1.2607,1.262,27601,0,2
2023.05.10,20:00:00,1.262,1.26312,1.26064,1.26252,10079,0,3
2023.05.11,0:00:00,1.26237,1.26369,1.26138,1.26367,5947,0,5
2023.05.11,4:00:00,1.26367,1.26405,1.26134,1.26177,10334,0,3
2023.05.11,8:00:00,1.26177,1.26249,1.25653,1.25832,22719,0,2
2023.05.11,12:00:00,1.25836,1.26157,1.25679,1.25857,31326,0,0
2023.05.11,16:00:00,1.25858,1.25858,1.24965,1.25125,29489,0,0
2023.05.11,20:00:00,1.25125,1.25169,1.25047,1.25129,7451,0,4
2023.05.12,0:00:00,1.25105,1.25178,1.25041,1.25176,4576,0,4
2023.05.12,4:00:00,1.25176,1.25267,1.25081,1.25248,9879,0,3
2023.05.12,8:00:00,1.25247,1.25405,1.25064,1.25324,21437,0,1
2023.05.12,12:00:00,1.25324,1.25409,1.24917,1.25056,21545,0,1
2023.05.12,16:00:00,1.25056,1.25199,1.24488,1.24516,26655,0,1
2023.05.12,20:00:00,1.24513,1.24587,1.24446,1.24481,7167,0,4
2023.05.15,0:00:00,1.2446,1.24552,1.24432,1.24502,5245,0,4
2023.05.15,4:00:00,1.24504,1.24661,1.24501,1.24625,11182,0,4
2023.05.15,8:00:00,1.24625,1.24913,1.24618,1.24886,16683,0,2
2023.05.15,12:00:00,1.24887,1.25208,1.24766,1.25074,18939,0,1
2023.05.15,16:00:00,1.25072,1.2533,1.25034,1.2533,18879,0,2
2023.05.15,20:00:00,1.25329,1.25345,1.25247,1.25268,5704,0,3
2023.05.16,0:00:00,1.25266,1.25315,1.25096,1.25301,3697,0,2
2023.05.16,4:00:00,1.25301,1.25321,1.25145,1.25257,8203,0,0
2023.05.16,8:00:00,1.25257,1.25328,1.24653,1.25222,21837,0,2
2023.05.16,12:00:00,1.25222,1.25465,1.24952,1.25135,19489,0,0
2023.05.16,16:00:00,1.25135,1.25361,1.24767,1.24852,25638,0,2
2023.05.16,20:00:00,1.24852,1.24902,1.24772,1.24833,8125,0,4
2023.05.17,0:00:00,1.24831,1.249,1.24749,1.24857,4488,0,5
2023.05.17,4:00:00,1.24857,1.24933,1.24769,1.24783,8846,0,4
2023.05.17,8:00:00,1.24783,1.24795,1.24216,1.24273,20594,0,2
2023.05.17,12:00:00,1.24273,1.24777,1.24224,1.24696,20025,0,2
2023.05.17,16:00:00,1.24696,1.25075,1.2444,1.25041,25700,0,2
2023.05.17,20:00:00,1.25043,1.25103,1.24828,1.24857,9927,0,3
2023.05.18,0:00:00,1.24846,1.24916,1.24781,1.24842,5068,0,5
2023.05.18,4:00:00,1.24842,1.24928,1.24725,1.24742,10364,0,3
2023.05.18,8:00:00,1.24742,1.24763,1.24319,1.24377,20975,0,2
2023.05.18,12:00:00,1.24375,1.24491,1.24146,1.24244,20103,0,1
2023.05.18,16:00:00,1.24245,1.24375,1.23948,1.23959,24993,0,1
2023.05.18,20:00:00,1.23958,1.24122,1.23916,1.24077,9402,0,3
2023.05.19,0:00:00,1.24073,1.24164,1.23978,1.2413,6036,0,2